0.000000,0.000000,0.000000,0.000000,0.000000,0.000000,0.000000,0.000000,0.000000,0.000000,0.000000,0.000000,0.000000,0.000000,0.000000,0.000000,0.000000,0.000000,0.000000,0.000000,0.000000,0.000000,0.000000,0.000000,0.000000,0.000000,0.000000,0.000000,0.000000,0.000000,0.000000,0.000000,0.000000,0.000000,0.000000,0.000000,0.000000,0.000000,0.000000,0.000000,0.000000,0.000000,0.000000,0.000000,0.000000,0.000000,0.000000,0.000000,0.000000,0.000000,0.000000,0.000000,0.000000,0.000000,0.000000,0.000000,0.000000,0.000000,0.000000,0.000000,0.000000,0.000000,0.000000,0.000000,0.000000,0.000000,0.000000,0.000000,0.000000,0.000000,0.000000,0.000000,0.000000,0.000000,0.000000,0.000000,0.000000,0.000000,0.000000,0.000000,0.000000,0.000000,0.000000,0.000000,0.000000,0.000000,0.000000,0.000000,0.000000,0.000000,0.000000,0.000000,0.000000,0.000000,0.000000,0.000000,0.000000,0.000000,0.000000,0.000000
0.000000,-0.014819,-0.019757,-0.024676,-0.029570,-0.034435,-0.039266,-0.044058,-0.048807,-0.053507,-0.058155,-0.062746,-0.067274,-0.071736,-0.076128,-0.080444,-0.084681,-0.088834,-0.092899,-0.096873,-0.100751,-0.104530,-0.108206,-0.111775,-0.115233,-0.118578,-0.121806,-0.124914,-0.127898,-0.130756,-0.133485,-0.136083,-0.138546,-0.140872,-0.143060,-0.145106,-0.147009,-0.148766,-0.150378,-0.151840,-0.153153,-0.154315,-0.155324,-0.156180,-0.156882,-0.157429,-0.157821,-0.158057,-0.158137,-0.158061,-0.157829,-0.157441,-0.156898,-0.156200,-0.155348,-0.154342,-0.153184,-0.151875,-0.150417,-0.148809,-0.147055,-0.145156,-0.143113,-0.140930,-0.138607,-0.136147,-0.133553,-0.130827,-0.127973,-0.124991,-0.121887,-0.118662,-0.115320,-0.111864,-0.108298,-0.104625,-0.100849,-0.096973,-0.093002,-0.088938,-0.084787,-0.080553,-0.076238,-0.071849,-0.067389,-0.062862,-0.058273,-0.053626,-0.048927,-0.044180,-0.039388,-0.034558,-0.029694,-0.024801,-0.019883,-0.014945,-0.009993,-0.005030,-0.000063,0.000000
0.000000,-0.024690,-0.029633,-0.034547,-0.039426,-0.044267,-0.049064,-0.053812,-0.058508,-0.063145,-0.067721,-0.072229,-0.076667,-0.081028,-0.085310,-0.089507,-0.093616,-0.097633,-0.101553,-0.105373,-0.109090,-0.112698,-0.116195,-0.119578,-0.122843,-0.125986,-0.129005,-0.131897,-0.134658,-0.137287,-0.139780,-0.142135,-0.144350,-0.146423,-0.148351,-0.150132,-0.151766,-0.153249,-0.154582,-0.155762,-0.156788,-0.157659,-0.158375,-0.158934,-0.159337,-0.159583,-0.159671,-0.159601,-0.159374,-0.158989,-0.158448,-0.157750,-0.156897,-0.155889,-0.154727,-0.153412,-0.151946,-0.150330,-0.148565,-0.146654,-0.144598,-0.142400,-0.140061,-0.137583,-0.134970,-0.132224,-0.129347,-0.126343,-0.123214,-0.119963,-0.116594,-0.113110,-0.109514,-0.105811,-0.102002,-0.098093,-0.094088,-0.089989,-0.085802,-0.081530,-0.077177,-0.072748,-0.068248,-0.063680,-0.059050,-0.054361,-0.049618,-0.044826,-0.039991,-0.035115,-0.030205,-0.025266,-0.020301,-0.015316,-0.010317,-0.005307,-0.000291,0.004724,0.009735,0.000000
0.000000,-0.034537,-0.039480,-0.044384,-0.049244,-0.054055,-0.058813,-0.063514,-0.068151,-0.072721,-0.077219,-0.081642,-0.085983,-0.090240,-0.094408,-0.098482,-0.102460,-0.106336,-0.110107,-0.113770,-0.117320,-0.120755,-0.124070,-0.127263,-0.130330,-0.133269,-0.136076,-0.138749,-0.141285,-0.143682,-0.145937,-0.148047,-0.150012,-0.151829,-0.153495,-0.155011,-0.156373,-0.157581,-0.158633,-0.159529,-0.160268,-0.160848,-0.161270,-0.161532,-0.161635,-0.161579,-0.161363,-0.160987,-0.160453,-0.159761,-0.158911,-0.157904,-0.156741,-0.155424,-0.153953,-0.152330,-0.150557,-0.148635,-0.146567,-0.144354,-0.141999,-0.139503,-0.136870,-0.134101,-0.131201,-0.128171,-0.125014,-0.121734,-0.118334,-0.114817,-0.111187,-0.107447,-0.103601,-0.099652,-0.095606,-0.091465,-0.087234,-0.082916,-0.078517,-0.074040,-0.069491,-0.064873,-0.060190,-0.055449,-0.050652,-0.045806,-0.040914,-0.035982,-0.031015,-0.026017,-0.020993,-0.015948,-0.010888,-0.005817,-0.000740,0.004337,0.009410,0.014474,0.019524,0.000000
0.000000,-0.044350,-0.049288,-0.054177,-0.059013,-0.063790,-0.068505,-0.073152,-0.077727,-0.082225,-0.086642,-0.090973,-0.095215,-0.099363,-0.103413,-0.107360,-0.111202,-0.114934,-0.118552,-0.122054,-0.125435,-0.128692,-0.131822,-0.134822,-0.137690,-0.140421,-0.143013,-0.145465,-0.147773,-0.149935,-0.151949,-0.153813,-0.155526,-0.157085,-0.158488,-0.159736,-0.160826,-0.161757,-0.162528,-0.163140,-0.163590,-0.163878,-0.164005,-0.163970,-0.163774,-0.163415,-0.162895,-0.162215,-0.161375,-0.160375,-0.159217,-0.157902,-0.156431,-0.154805,-0.153027,-0.151098,-0.149020,-0.146794,-0.144424,-0.141912,-0.139259,-0.136469,-0.133544,-0.130487,-0.127302,-0.123990,-0.120557,-0.117005,-0.113337,-0.109557,-0.105669,-0.101677,-0.097584,-0.093396,-0.089115,-0.084746,-0.080293,-0.075762,-0.071155,-0.066478,-0.061736,-0.056933,-0.052073,-0.047162,-0.042205,-0.037206,-0.032170,-0.027102,-0.022008,-0.016892,-0.011759,-0.006615,-0.001464,0.003688,0.008837,0.013976,0.019103,0.024210,0.029293,0.000000
0.000000,-0.054119,-0.059047,-0.063917,-0.068724,-0.073463,-0.078129,-0.082718,-0.087226,-0.091648,-0.095979,-0.100216,-0.104353,-0.108388,-0.112315,-0.116132,-0.119834,-0.123418,-0.126880,-0.130217,-0.133426,-0.136502,-0.139444,-0.142249,-0.144913,-0.147434,-0.149809,-0.152037,-0.154115,-0.156040,-0.157812,-0.159428,-0.160886,-0.162186,-0.163325,-0.164304,-0.165120,-0.165773,-0.166263,-0.166589,-0.166750,-0.166747,-0.166579,-0.166247,-0.165750,-0.165090,-0.164268,-0.163283,-0.162137,-0.160831,-0.159366,-0.157744,-0.155966,-0.154034,-0.151951,-0.149717,-0.147335,-0.144809,-0.142139,-0.139329,-0.136382,-0.133299,-0.130086,-0.126744,-0.123277,-0.119688,-0.115981,-0.112160,-0.108228,-0.104189,-0.100047,-0.095807,-0.091472,-0.087047,-0.082536,-0.077943,-0.073274,-0.068532,-0.063723,-0.058850,-0.053920,-0.048936,-0.043904,-0.038829,-0.033716,-0.028569,-0.023394,-0.018196,-0.012980,-0.007751,-0.002514,0.002725,0.007961,0.013189,0.018405,0.023602,0.028776,0.033922,0.039034,0.000000
0.000000,-0.063834,-0.068748,-0.073594,-0.078367,-0.083062,-0.087676,-0.092203,-0.096639,-0.100980,-0.105221,-0.109359,-0.113388,-0.117306,-0.121107,-0.124789,-0.128349,-0.131781,-0.135083,-0.138252,-0.141285,-0.144178,-0.146929,-0.149535,-0.151993,-0.154301,-0.156457,-0.158459,-0.160304,-0.161991,-0.163519,-0.164884,-0.166087,-0.167127,-0.168001,-0.168709,-0.169251,-0.169626,-0.169834,-0.169874,-0.169746,-0.169451,-0.168988,-0.168359,-0.167564,-0.166603,-0.165478,-0.164189,-0.162739,-0.161127,-0.159357,-0.157430,-0.155347,-0.153111,-0.150724,-0.148188,-0.145506,-0.142680,-0.139713,-0.136609,-0.133370,-0.129999,-0.126500,-0.122876,-0.119130,-0.115267,-0.111291,-0.107204,-0.103012,-0.098718,-0.094327,-0.089843,-0.085269,-0.080612,-0.075875,-0.071064,-0.066182,-0.061235,-0.056227,-0.051164,-0.046051,-0.040892,-0.035693,-0.030458,-0.025193,-0.019904,-0.014595,-0.009271,-0.003939,0.001398,0.006733,0.012062,0.017378,0.022678,0.027955,0.033204,0.038421,0.043600,0.048736,0.000000
0.000000,-0.073487,-0.078381,-0.083198,-0.087932,-0.092580,-0.097136,-0.101597,-0.105957,-0.110213,-0.114360,-0.118394,-0.122311,-0.126108,-0.129780,-0.133324,-0.136736,-0.140014,-0.143153,-0.146151,-0.149005,-0.151711,-0.154268,-0.156673,-0.158923,-0.161017,-0.162951,-0.164725,-0.166336,-0.167783,-0.169064,-0.170179,-0.171125,-0.171903,-0.172511,-0.172948,-0.173216,-0.173312,-0.173237,-0.172991,-0.172574,-0.171987,-0.171231,-0.170305,-0.169211,-0.167951,-0.166524,-0.164934,-0.163180,-0.161265,-0.159192,-0.156961,-0.154575,-0.152037,-0.149348,-0.146513,-0.143532,-0.140411,-0.137150,-0.133754,-0.130226,-0.126570,-0.122789,-0.118886,-0.114866,-0.110733,-0.106491,-0.102143,-0.097695,-0.093150,-0.088513,-0.083789,-0.078983,-0.074098,-0.069140,-0.064114,-0.059025,-0.053877,-0.048677,-0.043428,-0.038136,-0.032807,-0.027445,-0.022057,-0.016646,-0.011219,-0.005781,-0.000338,0.005106,0.010545,0.015974,0.021387,0.026778,0.032144,0.037477,0.042774,0.048028,0.053235,0.058390,0.000000
0.000000,-0.083067,-0.087937,-0.092720,-0.097411,-0.102006,-0.106501,-0.110890,-0.115170,-0.119337,-0.123385,-0.127312,-0.131113,-0.134785,-0.138324,-0.141726,-0.144989,-0.148108,-0.151081,-0.153905,-0.156577,-0.159095,-0.161456,-0.163657,-0.165697,-0.167573,-0.169284,-0.170828,-0.172203,-0.173409,-0.174443,-0.175305,-0.175994,-0.176509,-0.176850,-0.177017,-0.177009,-0.176826,-0.176469,-0.175937,-0.175232,-0.174354,-0.173304,-0.172083,-0.170692,-0.169133,-0.167407,-0.165515,-0.163460,-0.161244,-0.158869,-0.156337,-0.153651,-0.150813,-0.147826,-0.144693,-0.141418,-0.138002,-0.134451,-0.130767,-0.126954,-0.123016,-0.118956,-0.114779,-0.110489,-0.106090,-0.101586,-0.096981,-0.092281,-0.087490,-0.082613,-0.077654,-0.072618,-0.067511,-0.062337,-0.057101,-0.051810,-0.046467,-0.041078,-0.035649,-0.030184,-0.024690,-0.019171,-0.013634,-0.008083,-0.002524,0.003038,0.008596,0.014146,0.019682,0.025199,0.030691,0.036152,0.041578,0.046963,0.052301,0.057588,0.062818,0.067986,0.000000
0.000000,-0.092565,-0.097406,-0.102150,-0.106794,-0.111332,-0.115760,-0.120074,-0.124270,-0.128343,-0.132289,-0.136105,-0.139786,-0.143330,-0.146732,-0.149989,-0.153098,-0.156056,-0.158860,-0.161508,-0.163996,-0.166322,-0.168484,-0.170479,-0.172307,-0.173964,-0.175450,-0.176763,-0.177901,-0.178863,-0.179649,-0.180258,-0.180689,-0.180941,-0.181015,-0.180911,-0.180627,-0.180166,-0.179527,-0.178710,-0.177717,-0.176549,-0.175207,-0.173691,-0.172005,-0.170148,-0.168124,-0.165933,-0.163579,-0.161064,-0.158389,-0.155559,-0.152574,-0.149439,-0.146157,-0.142730,-0.139163,-0.135458,-0.131620,-0.127651,-0.123557,-0.119341,-0.115007,-0.110559,-0.106003,-0.101341,-0.096580,-0.091723,-0.086776,-0.081744,-0.076630,-0.071441,-0.066182,-0.060857,-0.055472,-0.050032,-0.044543,-0.039010,-0.033439,-0.027834,-0.022202,-0.016548,-0.010878,-0.005197,0.000489,0.006175,0.011854,0.017522,0.023172,0.028800,0.034399,0.039964,0.045490,0.050971,0.056402,0.061777,0.067091,0.072339,0.077515,0.000000
0.000000,-0.101972,-0.106778,-0.111480,-0.116071,-0.120548,-0.124905,-0.129140,-0.133247,-0.137222,-0.141062,-0.144763,-0.148321,-0.151733,-0.154995,-0.158104,-0.161057,-0.163851,-0.166483,-0.168951,-0.171252,-0.173384,-0.175345,-0.177133,-0.178747,-0.180184,-0.181443,-0.182523,-0.183422,-0.184141,-0.184678,-0.185033,-0.185205,-0.185195,-0.185002,-0.184626,-0.184068,-0.183328,-0.182407,-0.181307,-0.180027,-0.178570,-0.176936,-0.175128,-0.173147,-0.170996,-0.168675,-0.166188,-0.163537,-0.160725,-0.157754,-0.154627,-0.151347,-0.147919,-0.144344,-0.140627,-0.136771,-0.132780,-0.128658,-0.124410,-0.120038,-0.115548,-0.110944,-0.106230,-0.101412,-0.096493,-0.091479,-0.086375,-0.081186,-0.075916,-0.070572,-0.065158,-0.059680,-0.054143,-0.048552,-0.042914,-0.037233,-0.031515,-0.025766,-0.019992,-0.014198,-0.008390,-0.002574,0.003244,0.009060,0.014867,0.020658,0.026430,0.032175,0.037889,0.043565,0.049199,0.054783,0.060314,0.065785,0.071191,0.076527,0.081788,0.086968,0.000000
0.000000,-0.111278,-0.116046,-0.120699,-0.125234,-0.129644,-0.133927,-0.138078,-0.142092,-0.145966,-0.149696,-0.153279,-0.156710,-0.159986,-0.163105,-0.166062,-0.168856,-0.171483,-0.173941,-0.176227,-0.178339,-0.180276,-0.182034,-0.183613,-0.185010,-0.186225,-0.187256,-0.188103,-0.188763,-0.189238,-0.189525,-0.189626,-0.189539,-0.189266,-0.188805,-0.188159,-0.187326,-0.186309,-0.185108,-0.183724,-0.182159,-0.180414,-0.178491,-0.176392,-0.174119,-0.171674,-0.169060,-0.166279,-0.163333,-0.160227,-0.156962,-0.153542,-0.149971,-0.146252,-0.142389,-0.138385,-0.134244,-0.129971,-0.125570,-0.121045,-0.116400,-0.111641,-0.106771,-0.101796,-0.096720,-0.091549,-0.086288,-0.080942,-0.075515,-0.070014,-0.064444,-0.058811,-0.053119,-0.047375,-0.041584,-0.035753,-0.029885,-0.023989,-0.018069,-0.012130,-0.006180,-0.000224,0.005732,0.011683,0.017622,0.023544,0.029443,0.035312,0.041147,0.046941,0.052689,0.058384,0.064023,0.069597,0.075104,0.080536,0.085889,0.091157,0.096334,0.000000
0.000000,-0.120474,-0.125199,-0.129800,-0.134273,-0.138613,-0.142817,-0.146880,-0.150797,-0.154566,-0.158183,-0.161643,-0.164944,-0.168082,-0.171054,-0.173857,-0.176489,-0.178947,-0.181228,-0.183330,-0.185251,-0.186989,-0.188543,-0.189911,-0.191091,-0.192083,-0.192885,-0.193497,-0.193918,-0.194147,-0.194185,-0.194032,-0.193686,-0.193150,-0.192423,-0.191506,-0.190400,-0.189106,-0.187626,-0.185961,-0.184111,-0.182081,-0.179870,-0.177482,-0.174919,-0.172183,-0.169278,-0.166205,-0.162968,-0.159571,-0.156016,-0.152306,-0.148447,-0.144441,-0.140293,-0.136006,-0.131585,-0.127034,-0.122358,-0.117561,-0.112648,-0.107623,-0.102493,-0.097261,-0.091934,-0.086516,-0.081012,-0.075428,-0.069770,-0.064043,-0.058253,-0.052406,-0.046506,-0.040561,-0.034576,-0.028556,-0.022509,-0.016439,-0.010353,-0.004257,0.001844,0.007942,0.014033,0.020110,0.026167,0.032198,0.038198,0.044159,0.050078,0.055946,0.061760,0.067513,0.073198,0.078812,0.084348,0.089801,0.095165,0.100435,0.105606,0.000000
0.000000,-0.129552,-0.134228,-0.138772,-0.143180,-0.147445,-0.151566,-0.155537,-0.159354,-0.163014,-0.166513,-0.169848,-0.173015,-0.176012,-0.178834,-0.181481,-0.183948,-0.186233,-0.188335,-0.190251,-0.191979,-0.193518,-0.194866,-0.196021,-0.196983,-0.197751,-0.198324,-0.198700,-0.198881,-0.198865,-0.198654,-0.198246,-0.197642,-0.196843,-0.195851,-0.194664,-0.193286,-0.191717,-0.189959,-0.188013,-0.185882,-0.183567,-0.181072,-0.178397,-0.175546,-0.172523,-0.169329,-0.165967,-0.162442,-0.158757,-0.154915,-0.150920,-0.146776,-0.142488,-0.138059,-0.133493,-0.128796,-0.123972,-0.119025,-0.113961,-0.108784,-0.103500,-0.098114,-0.092631,-0.087057,-0.081396,-0.075656,-0.069840,-0.063956,-0.058009,-0.052004,-0.045949,-0.039847,-0.033707,-0.027533,-0.021332,-0.015110,-0.008873,-0.002627,0.003621,0.009866,0.016101,0.022320,0.028517,0.034686,0.040821,0.046915,0.052963,0.058959,0.064897,0.070770,0.076574,0.082302,0.087949,0.093509,0.098977,0.104347,0.109615,0.114774,0.000000
0.000000,-0.138501,-0.143125,-0.147608,-0.151945,-0.156132,-0.160165,-0.164040,-0.167753,-0.171300,-0.174679,-0.177885,-0.180915,-0.183767,-0.186438,-0.188925,-0.191225,-0.193336,-0.195257,-0.196985,-0.198518,-0.199856,-0.200997,-0.201939,-0.202681,-0.203224,-0.203566,-0.203708,-0.203648,-0.203387,-0.202926,-0.202264,-0.201403,-0.200343,-0.199085,-0.197631,-0.195981,-0.194139,-0.192104,-0.189880,-0.187469,-0.184873,-0.182094,-0.179136,-0.176001,-0.172692,-0.169212,-0.165566,-0.161756,-0.157787,-0.153662,-0.149385,-0.144961,-0.140394,-0.135688,-0.130848,-0.125880,-0.120787,-0.115574,-0.110248,-0.104813,-0.099274,-0.093638,-0.087909,-0.082093,-0.076197,-0.070225,-0.064184,-0.058079,-0.051917,-0.045704,-0.039446,-0.033149,-0.026819,-0.020463,-0.014086,-0.007696,-0.001298,0.005101,0.011495,0.017878,0.024243,0.030585,0.036896,0.043171,0.049403,0.055586,0.061715,0.067782,0.073783,0.079711,0.085560,0.091325,0.096999,0.102578,0.108056,0.113427,0.118686,0.123828,0.000000
0.000000,-0.147314,-0.151881,-0.156298,-0.160560,-0.164664,-0.168606,-0.172381,-0.175987,-0.179418,-0.182672,-0.185747,-0.188637,-0.191342,-0.193858,-0.196182,-0.198313,-0.200248,-0.201986,-0.203524,-0.204862,-0.205997,-0.206929,-0.207657,-0.208179,-0.208497,-0.208608,-0.208514,-0.208214,-0.207708,-0.206998,-0.206083,-0.204965,-0.203644,-0.202123,-0.200402,-0.198483,-0.196368,-0.194060,-0.191560,-0.188871,-0.185996,-0.182937,-0.179698,-0.176281,-0.172690,-0.168929,-0.165001,-0.160910,-0.156661,-0.152257,-0.147703,-0.143002,-0.138161,-0.133184,-0.128075,-0.122839,-0.117482,-0.112010,-0.106427,-0.100739,-0.094951,-0.089070,-0.083100,-0.077049,-0.070922,-0.064725,-0.058464,-0.052145,-0.045775,-0.039359,-0.032905,-0.026418,-0.019905,-0.013373,-0.006827,-0.000275,0.006278,0.012824,0.019358,0.025873,0.032362,0.038819,0.045238,0.051613,0.057936,0.064202,0.070405,0.076538,0.082596,0.088572,0.094461,0.100257,0.105954,0.111546,0.117028,0.122395,0.127640,0.132760,0.000000
0.000000,-0.155981,-0.160487,-0.164833,-0.169017,-0.173034,-0.176881,-0.180553,-0.184046,-0.187358,-0.190486,-0.193425,-0.196173,-0.198728,-0.201086,-0.203246,-0.205206,-0.206963,-0.208516,-0.209863,-0.211003,-0.211934,-0.212657,-0.213169,-0.213472,-0.213563,-0.213444,-0.213114,-0.212574,-0.211824,-0.210865,-0.209698,-0.208324,-0.206745,-0.204961,-0.202975,-0.200789,-0.198405,-0.195824,-0.193051,-0.190087,-0.186936,-0.183599,-0.180082,-0.176387,-0.172518,-0.168479,-0.164274,-0.159906,-0.155380,-0.150702,-0.145874,-0.140903,-0.135792,-0.130548,-0.125174,-0.119677,-0.114062,-0.108335,-0.102500,-0.096565,-0.090534,-0.084413,-0.078210,-0.071929,-0.065577,-0.059161,-0.052686,-0.046159,-0.039587,-0.032975,-0.026331,-0.019661,-0.012972,-0.006269,0.000439,0.007147,0.013848,0.020535,0.027202,0.033842,0.040449,0.047016,0.053536,0.060004,0.066412,0.072755,0.079026,0.085219,0.091328,0.097347,0.103270,0.109090,0.114804,0.120403,0.125885,0.131241,0.136469,0.141561,0.000000
0.000000,-0.164495,-0.168934,-0.173206,-0.177307,-0.181234,-0.184981,-0.188546,-0.191925,-0.195114,-0.198111,-0.200912,-0.203515,-0.205917,-0.208116,-0.210110,-0.211896,-0.213473,-0.214840,-0.215994,-0.216935,-0.217663,-0.218175,-0.218472,-0.218554,-0.218419,-0.218070,-0.217505,-0.216725,-0.215731,-0.214525,-0.213107,-0.211478,-0.209641,-0.207597,-0.205348,-0.202897,-0.200245,-0.197395,-0.194351,-0.191115,-0.187691,-0.184081,-0.180289,-0.176320,-0.172176,-0.167863,-0.163384,-0.158744,-0.153947,-0.148998,-0.143902,-0.138664,-0.133289,-0.127783,-0.122150,-0.116398,-0.110530,-0.104553,-0.098473,-0.092295,-0.086027,-0.079674,-0.073242,-0.066738,-0.060168,-0.053538,-0.046856,-0.040128,-0.033360,-0.026559,-0.019731,-0.012885,-0.006025,0.000840,0.007705,0.014562,0.021404,0.028226,0.035019,0.041778,0.048496,0.055166,0.061781,0.068336,0.074823,0.081236,0.087569,0.093816,0.099970,0.106025,0.111976,0.117816,0.123540,0.129142,0.134617,0.139959,0.145162,0.150223,0.000000
0.000000,-0.172846,-0.177215,-0.181408,-0.185422,-0.189254,-0.192899,-0.196353,-0.199614,-0.202677,-0.205541,-0.208201,-0.210656,-0.212904,-0.214941,-0.216766,-0.218377,-0.219773,-0.220952,-0.221912,-0.222654,-0.223176,-0.223478,-0.223559,-0.223420,-0.223060,-0.222480,-0.221680,-0.220662,-0.219425,-0.217973,-0.216305,-0.214424,-0.212331,-0.210028,-0.207519,-0.204804,-0.201888,-0.198772,-0.195460,-0.191955,-0.188260,-0.184380,-0.180318,-0.176078,-0.171664,-0.167081,-0.162333,-0.157425,-0.152361,-0.147147,-0.141788,-0.136288,-0.130655,-0.124892,-0.119006,-0.113003,-0.106888,-0.100668,-0.094348,-0.087935,-0.081436,-0.074856,-0.068202,-0.061481,-0.054699,-0.047863,-0.040980,-0.034057,-0.027100,-0.020116,-0.013112,-0.006095,0.000927,0.007949,0.014963,0.021962,0.028939,0.035888,0.042802,0.049673,0.056495,0.063261,0.069965,0.076600,0.083160,0.089637,0.096026,0.102320,0.108513,0.114599,0.120572,0.126426,0.132155,0.137754,0.143216,0.148538,0.153713,0.158736,0.000000
0.000000,-0.181027,-0.185320,-0.189431,-0.193355,-0.197088,-0.200626,-0.203966,-0.207105,-0.210040,-0.212767,-0.215285,-0.217590,-0.219680,-0.221554,-0.223208,-0.224643,-0.225856,-0.226846,-0.227612,-0.228153,-0.228469,-0.228560,-0.228425,-0.228065,-0.227480,-0.226670,-0.225637,-0.224381,-0.222903,-0.221206,-0.219290,-0.217157,-0.214811,-0.212252,-0.209484,-0.206510,-0.203331,-0.199952,-0.196375,-0.192605,-0.188644,-0.184498,-0.180169,-0.175663,-0.170983,-0.166134,-0.161122,-0.155950,-0.150625,-0.145151,-0.139533,-0.133778,-0.127891,-0.121878,-0.115744,-0.109497,-0.103141,-0.096683,-0.090130,-0.083488,-0.076764,-0.069964,-0.063094,-0.056163,-0.049176,-0.042141,-0.035064,-0.027952,-0.020813,-0.013653,-0.006480,0.000700,0.007879,0.015050,0.022206,0.029340,0.036446,0.043515,0.050542,0.057518,0.064438,0.071294,0.078080,0.084789,0.091414,0.097949,0.104388,0.110723,0.116949,0.123059,0.129049,0.134910,0.140639,0.146229,0.151674,0.156970,0.162111,0.167092,0.000000
0.000000,-0.189029,-0.193243,-0.197267,-0.201096,-0.204727,-0.208155,-0.211378,-0.214393,-0.217196,-0.219784,-0.222156,-0.224309,-0.226240,-0.227947,-0.229430,-0.230687,-0.231716,-0.232516,-0.233086,-0.233427,-0.233537,-0.233417,-0.233066,-0.232486,-0.231676,-0.230637,-0.229371,-0.227878,-0.226161,-0.224220,-0.222058,-0.219677,-0.217079,-0.214267,-0.211243,-0.208011,-0.204574,-0.200934,-0.197097,-0.193065,-0.188842,-0.184433,-0.179842,-0.175074,-0.170133,-0.165024,-0.159752,-0.154322,-0.148740,-0.143011,-0.137141,-0.131136,-0.125001,-0.118744,-0.112368,-0.105882,-0.099292,-0.092603,-0.085823,-0.078959,-0.072016,-0.065002,-0.057925,-0.050790,-0.043605,-0.036377,-0.029113,-0.021820,-0.014506,-0.007177,0.000159,0.007494,0.014822,0.022136,0.029427,0.036690,0.043916,0.051099,0.058232,0.065307,0.072318,0.079257,0.086118,0.092894,0.099579,0.106165,0.112646,0.119017,0.125269,0.131399,0.137398,0.143262,0.148984,0.154560,0.159983,0.165248,0.170350,0.175284,0.000000
0.000000,-0.196844,-0.200975,-0.204908,-0.208639,-0.212164,-0.215479,-0.218582,-0.221469,-0.224137,-0.226584,-0.228808,-0.230806,-0.232576,-0.234116,-0.235426,-0.236503,-0.237347,-0.237956,-0.238331,-0.238470,-0.238374,-0.238043,-0.237477,-0.236677,-0.235643,-0.234376,-0.232879,-0.231151,-0.229195,-0.227013,-0.224607,-0.221980,-0.219133,-0.216070,-0.212794,-0.209307,-0.205615,-0.201719,-0.197624,-0.193334,-0.188854,-0.184187,-0.179338,-0.174312,-0.169115,-0.163750,-0.158224,-0.152541,-0.146708,-0.140731,-0.134614,-0.128365,-0.121988,-0.115492,-0.108881,-0.102163,-0.095345,-0.088432,-0.081432,-0.074351,-0.067197,-0.059977,-0.052698,-0.045366,-0.037990,-0.030577,-0.023133,-0.015666,-0.008184,-0.000694,0.006797,0.014281,0.021751,0.029200,0.036620,0.044003,0.051344,0.058633,0.065865,0.073032,0.080126,0.087142,0.094071,0.100908,0.107645,0.114276,0.120794,0.127193,0.133466,0.139608,0.145612,0.151472,0.157183,0.162738,0.168133,0.173362,0.178420,0.183302,0.000000
0.000000,-0.204465,-0.208509,-0.212347,-0.215976,-0.219391,-0.222590,-0.225569,-0.228326,-0.230857,-0.233161,-0.235234,-0.237075,-0.238683,-0.240054,-0.241189,-0.242086,-0.242744,-0.243162,-0.243340,-0.243278,-0.242977,-0.242435,-0.241654,-0.240634,-0.239378,-0.237884,-0.236156,-0.234195,-0.232003,-0.229582,-0.226935,-0.224063,-0.220970,-0.217660,-0.214134,-0.210397,-0.206453,-0.202304,-0.197956,-0.193413,-0.188679,-0.183759,-0.178657,-0.173379,-0.167930,-0.162315,-0.156540,-0.150610,-0.144532,-0.138311,-0.131954,-0.125466,-0.118855,-0.112126,-0.105287,-0.098344,-0.091304,-0.084173,-0.076960,-0.069670,-0.062312,-0.054893,-0.047419,-0.039898,-0.032338,-0.024746,-0.017130,-0.009497,-0.001854,0.005790,0.013429,0.021054,0.028659,0.036235,0.043776,0.051273,0.058720,0.066109,0.073433,0.080684,0.087855,0.094940,0.101931,0.108822,0.115605,0.122274,0.128823,0.135244,0.141532,0.147680,0.153682,0.159533,0.165226,0.170756,0.176118,0.181306,0.186315,0.191140,0.000000
0.000000,-0.211885,-0.215837,-0.219577,-0.223100,-0.226402,-0.229482,-0.232335,-0.234958,-0.237350,-0.239507,-0.241428,-0.243111,-0.244554,-0.245755,-0.246714,-0.247430,-0.247901,-0.248128,-0.248109,-0.247846,-0.247339,-0.246587,-0.245592,-0.244354,-0.242876,-0.241158,-0.239201,-0.237009,-0.234583,-0.231925,-0.229038,-0.225926,-0.222590,-0.219035,-0.215263,-0.211279,-0.207087,-0.202690,-0.198093,-0.193301,-0.188318,-0.183149,-0.177799,-0.172274,-0.166579,-0.160719,-0.154701,-0.148530,-0.142213,-0.135755,-0.129164,-0.122444,-0.115604,-0.108650,-0.101589,-0.094427,-0.087172,-0.079832,-0.072412,-0.064921,-0.057366,-0.049754,-0.042093,-0.034391,-0.026655,-0.018892,-0.011111,-0.003318,0.004477,0.012268,0.020047,0.027806,0.035538,0.043235,0.050889,0.058493,0.066039,0.073520,0.080928,0.088257,0.095498,0.102645,0.109691,0.116629,0.123451,0.130152,0.136724,0.143161,0.149457,0.155606,0.161601,0.167436,0.173106,0.178606,0.183929,0.189070,0.194025,0.198789,0.000000
0.000000,-0.219095,-0.222952,-0.226590,-0.230003,-0.233190,-0.236147,-0.238870,-0.241358,-0.243608,-0.245617,-0.247384,-0.248906,-0.250184,-0.251214,-0.251996,-0.252529,-0.252814,-0.252849,-0.252634,-0.252170,-0.251457,-0.250496,-0.249288,-0.247833,-0.246135,-0.244193,-0.242010,-0.239588,-0.236930,-0.234039,-0.230916,-0.227565,-0.223990,-0.220193,-0.216180,-0.211953,-0.207517,-0.202876,-0.198035,-0.192998,-0.187771,-0.182359,-0.176766,-0.170999,-0.165064,-0.158965,-0.152710,-0.146304,-0.139754,-0.133065,-0.126246,-0.119301,-0.112239,-0.105067,-0.097790,-0.090417,-0.082955,-0.075411,-0.067793,-0.060107,-0.052363,-0.044566,-0.036726,-0.028849,-0.020944,-0.013019,-0.005080,0.002863,0.010804,0.018734,0.026646,0.034531,0.042382,0.050192,0.057952,0.065654,0.073292,0.080858,0.088344,0.095742,0.103046,0.110249,0.117342,0.124320,0.131175,0.137901,0.144490,0.150937,0.157235,0.163378,0.169360,0.175174,0.180816,0.186279,0.191558,0.196648,0.201545,0.206242,0.000000
0.000000,-0.226089,-0.229847,-0.233379,-0.236680,-0.239748,-0.242579,-0.245170,-0.247520,-0.249625,-0.251485,-0.253095,-0.254456,-0.255566,-0.256424,-0.257029,-0.257380,-0.257477,-0.257320,-0.256909,-0.256244,-0.255327,-0.254158,-0.252737,-0.251068,-0.249150,-0.246987,-0.244580,-0.241932,-0.239044,-0.235921,-0.232565,-0.228980,-0.225169,-0.221135,-0.216883,-0.212417,-0.207742,-0.202861,-0.197780,-0.192505,-0.187039,-0.181388,-0.175559,-0.169556,-0.163386,-0.157055,-0.150568,-0.143933,-0.137156,-0.130244,-0.123203,-0.116041,-0.108764,-0.101380,-0.093895,-0.086318,-0.078656,-0.070916,-0.063107,-0.055234,-0.047308,-0.039335,-0.031323,-0.023280,-0.015214,-0.007133,0.000955,0.009042,0.017121,0.025182,0.033218,0.041222,0.049185,0.057099,0.064957,0.072751,0.080473,0.088116,0.095672,0.103133,0.110493,0.117743,0.124878,0.131889,0.138770,0.145514,0.152114,0.158564,0.164858,0.170989,0.176952,0.182739,0.188347,0.193768,0.198998,0.204032,0.208865,0.213491,0.000000
0.000000,-0.232860,-0.236516,-0.239938,-0.243123,-0.246069,-0.248771,-0.251229,-0.253438,-0.255397,-0.257104,-0.258557,-0.259755,-0.260697,-0.261382,-0.261808,-0.261976,-0.261886,-0.261537,-0.260930,-0.260066,-0.258945,-0.257568,-0.255938,-0.254054,-0.251920,-0.249537,-0.246908,-0.244036,-0.240922,-0.237571,-0.233985,-0.230169,-0.226125,-0.221858,-0.217372,-0.212672,-0.207762,-0.202646,-0.197331,-0.191821,-0.186122,-0.180239,-0.174178,-0.167945,-0.161547,-0.154989,-0.148278,-0.141421,-0.134424,-0.127294,-0.120039,-0.112666,-0.105181,-0.097592,-0.089908,-0.082134,-0.074279,-0.066351,-0.058358,-0.050307,-0.042206,-0.034064,-0.025888,-0.017687,-0.009468,-0.001240,0.006990,0.015213,0.023420,0.031605,0.039758,0.047872,0.055939,0.063950,0.071899,0.079776,0.087575,0.095287,0.102906,0.110423,0.117830,0.125122,0.132290,0.139327,0.146227,0.152983,0.159588,0.166035,0.172318,0.178432,0.184369,0.190124,0.195692,0.201066,0.206242,0.211215,0.215979,0.220530,0.000000
0.000000,-0.239401,-0.242950,-0.246260,-0.249326,-0.252147,-0.254718,-0.257039,-0.259105,-0.260916,-0.262469,-0.263764,-0.264798,-0.265571,-0.266081,-0.266329,-0.266314,-0.266037,-0.265497,-0.264694,-0.263631,-0.262307,-0.260725,-0.258885,-0.256790,-0.254441,-0.251842,-0.248993,-0.245899,-0.242563,-0.238987,-0.235175,-0.231131,-0.226859,-0.222363,-0.217647,-0.212717,-0.207577,-0.202232,-0.196687,-0.190948,-0.185021,-0.178912,-0.172625,-0.166169,-0.159548,-0.152770,-0.145841,-0.138768,-0.131559,-0.124219,-0.116757,-0.109179,-0.101494,-0.093709,-0.085831,-0.077869,-0.069829,-0.061721,-0.053552,-0.045330,-0.037063,-0.028760,-0.020428,-0.012076,-0.003713,0.004655,0.013018,0.021368,0.029697,0.037996,0.046258,0.054475,0.062637,0.070738,0.078769,0.086723,0.094590,0.102365,0.110038,0.117603,0.125052,0.132377,0.139572,0.146629,0.153541,0.160302,0.166904,0.173342,0.179609,0.185698,0.191604,0.197321,0.202844,0.208166,0.213283,0.218189,0.222880,0.227351,0.000000
0.000000,-0.245706,-0.249145,-0.252339,-0.255284,-0.257976,-0.260414,-0.262595,-0.264517,-0.266178,-0.267576,-0.268710,-0.269579,-0.270182,-0.270518,-0.270587,-0.270390,-0.269925,-0.269194,-0.268197,-0.266936,-0.265411,-0.263624,-0.261578,-0.259272,-0.256712,-0.253897,-0.250833,-0.247520,-0.243964,-0.240166,-0.236132,-0.231864,-0.227368,-0.222647,-0.217707,-0.212552,-0.207187,-0.201617,-0.195849,-0.189887,-0.183738,-0.177408,-0.170902,-0.164228,-0.157392,-0.150400,-0.143260,-0.135979,-0.128563,-0.121021,-0.113359,-0.105585,-0.097707,-0.089733,-0.081670,-0.073527,-0.065310,-0.057030,-0.048693,-0.040308,-0.031884,-0.023427,-0.014948,-0.006454,0.002046,0.010545,0.019032,0.027502,0.035944,0.044350,0.052713,0.061024,0.069274,0.077456,0.085562,0.093583,0.101512,0.109341,0.117062,0.124667,0.132150,0.139501,0.146716,0.153785,0.160703,0.167462,0.174055,0.180477,0.186721,0.192781,0.198650,0.204324,0.209795,0.215060,0.220112,0.224948,0.229561,0.233948,0.000000
0.000000,-0.251768,-0.255095,-0.258169,-0.260989,-0.263551,-0.265853,-0.267893,-0.269668,-0.271177,-0.272419,-0.273391,-0.274094,-0.274527,-0.274688,-0.274578,-0.274198,-0.273547,-0.272626,-0.271435,-0.269977,-0.268253,-0.266264,-0.264012,-0.261499,-0.258728,-0.255702,-0.252424,-0.248897,-0.245124,-0.241109,-0.236856,-0.232369,-0.227653,-0.222713,-0.217552,-0.212177,-0.206593,-0.200804,-0.194818,-0.188639,-0.182274,-0.175729,-0.169011,-0.162126,-0.155080,-0.147882,-0.140538,-0.133055,-0.125441,-0.117704,-0.109850,-0.101887,-0.093824,-0.085668,-0.077428,-0.069112,-0.060727,-0.052282,-0.043786,-0.035247,-0.026672,-0.018072,-0.009453,-0.000826,0.007803,0.016424,0.025028,0.033608,0.042155,0.050660,0.059116,0.067512,0.075843,0.084098,0.092270,0.100352,0.108334,0.116209,0.123970,0.131609,0.139117,0.146488,0.153715,0.160790,0.167706,0.174457,0.181035,0.187435,0.193650,0.199674,0.205501,0.211125,0.216540,0.221742,0.226725,0.231484,0.236015,0.240313,0.000000
0.000000,-0.257582,-0.260792,-0.263744,-0.266436,-0.268866,-0.271029,-0.272926,-0.274553,-0.275909,-0.276992,-0.277803,-0.278339,-0.278600,-0.278587,-0.278299,-0.277736,-0.276899,-0.275788,-0.274406,-0.272752,-0.270830,-0.268640,-0.266185,-0.263467,-0.260490,-0.257255,-0.253767,-0.250028,-0.246042,-0.241813,-0.237346,-0.232645,-0.227714,-0.222558,-0.217183,-0.211593,-0.205794,-0.199793,-0.193594,-0.187204,-0.180629,-0.173877,-0.166952,-0.159863,-0.152616,-0.145218,-0.137677,-0.130001,-0.122196,-0.114270,-0.106232,-0.098088,-0.089848,-0.081519,-0.073110,-0.064629,-0.056084,-0.047483,-0.038836,-0.030150,-0.021435,-0.012698,-0.003949,0.004804,0.013552,0.022287,0.031000,0.039682,0.048325,0.056921,0.065460,0.073935,0.082336,0.090657,0.098888,0.107021,0.115049,0.122963,0.130756,0.138420,0.145947,0.153330,0.160562,0.167636,0.174544,0.181279,0.187836,0.194208,0.200388,0.206370,0.212148,0.217717,0.223071,0.228205,0.233114,0.237793,0.242237,0.246442,0.000000
0.000000,-0.263142,-0.266232,-0.269059,-0.271621,-0.273915,-0.275938,-0.277689,-0.279166,-0.280368,-0.281293,-0.281940,-0.282309,-0.282399,-0.282211,-0.281744,-0.280999,-0.279977,-0.278679,-0.277105,-0.275258,-0.273139,-0.270751,-0.268096,-0.265176,-0.261994,-0.258554,-0.254859,-0.250912,-0.246717,-0.242279,-0.237602,-0.232691,-0.227550,-0.222184,-0.216599,-0.210800,-0.204793,-0.198584,-0.192179,-0.185585,-0.178807,-0.171853,-0.164729,-0.157443,-0.150001,-0.142411,-0.134681,-0.126818,-0.118829,-0.110724,-0.102509,-0.094193,-0.085784,-0.077290,-0.068720,-0.060082,-0.051385,-0.042637,-0.033847,-0.025024,-0.016176,-0.007312,0.001559,0.010428,0.019288,0.028128,0.036941,0.045717,0.054448,0.063125,0.071740,0.080284,0.088749,0.097126,0.105407,0.113585,0.121650,0.129596,0.137413,0.145095,0.152633,0.160021,0.167251,0.174316,0.181209,0.187923,0.194452,0.200789,0.206927,0.212862,0.218586,0.224095,0.229382,0.234443,0.239273,0.243866,0.248219,0.252327,0.000000
0.000000,-0.268442,-0.271409,-0.274109,-0.276538,-0.278694,-0.280575,-0.282179,-0.283504,-0.284550,-0.285315,-0.285799,-0.286000,-0.285919,-0.285556,-0.284912,-0.283986,-0.282779,-0.281294,-0.279531,-0.277492,-0.275180,-0.272595,-0.269742,-0.266623,-0.263240,-0.259598,-0.255699,-0.251548,-0.247149,-0.242506,-0.237624,-0.232507,-0.227161,-0.221590,-0.215801,-0.209799,-0.203590,-0.197180,-0.190575,-0.183782,-0.176808,-0.169659,-0.162343,-0.154867,-0.147238,-0.139463,-0.131551,-0.123509,-0.115346,-0.107068,-0.098685,-0.090204,-0.081634,-0.072984,-0.064262,-0.055476,-0.046636,-0.037749,-0.028826,-0.019873,-0.010902,-0.001919,0.007065,0.016043,0.025004,0.033941,0.042845,0.051706,0.060516,0.069267,0.077949,0.086554,0.095074,0.103499,0.111823,0.120037,0.128131,0.136100,0.143934,0.151626,0.159169,0.166554,0.173775,0.180825,0.187696,0.194382,0.200876,0.207171,0.213263,0.219144,0.224808,0.230251,0.235467,0.240450,0.245196,0.249699,0.253957,0.257964,0.000000
0.000000,-0.273477,-0.276319,-0.278888,-0.281181,-0.283198,-0.284934,-0.286390,-0.287563,-0.288452,-0.289057,-0.289376,-0.289409,-0.289157,-0.288620,-0.287798,-0.286692,-0.285302,-0.283632,-0.281681,-0.279453,-0.276948,-0.274170,-0.271122,-0.267806,-0.264226,-0.260385,-0.256287,-0.251937,-0.247337,-0.242494,-0.237411,-0.232094,-0.226548,-0.220778,-0.214790,-0.208591,-0.202185,-0.195580,-0.188782,-0.181798,-0.174634,-0.167298,-0.159797,-0.152138,-0.144329,-0.136378,-0.128292,-0.120079,-0.111748,-0.103307,-0.094763,-0.086126,-0.077405,-0.068606,-0.059740,-0.050815,-0.041840,-0.032824,-0.023775,-0.014703,-0.005616,0.003476,0.012565,0.021641,0.030696,0.039721,0.048707,0.057644,0.066525,0.075340,0.084081,0.092738,0.101304,0.109771,0.118128,0.126370,0.134486,0.142470,0.150313,0.158008,0.165547,0.172923,0.180128,0.187155,0.193997,0.200648,0.207101,0.213350,0.219388,0.225209,0.230809,0.236180,0.241319,0.246219,0.250876,0.255286,0.259444,0.263345,0.000000
0.000000,-0.278242,-0.280956,-0.283391,-0.285548,-0.287422,-0.289013,-0.290318,-0.291338,-0.292069,-0.292512,-0.292667,-0.292533,-0.292110,-0.291399,-0.290400,-0.289115,-0.287544,-0.285690,-0.283553,-0.281137,-0.278443,-0.275475,-0.272235,-0.268726,-0.264952,-0.260916,-0.256623,-0.252076,-0.247281,-0.242242,-0.236964,-0.231452,-0.225711,-0.219748,-0.213568,-0.207177,-0.200581,-0.193788,-0.186804,-0.179635,-0.172289,-0.164772,-0.157093,-0.149260,-0.141278,-0.133158,-0.124906,-0.116531,-0.108040,-0.099443,-0.090748,-0.081964,-0.073098,-0.064161,-0.055160,-0.046105,-0.037004,-0.027866,-0.018701,-0.009518,-0.000325,0.008868,0.018052,0.027219,0.036358,0.045462,0.054521,0.063526,0.072468,0.081339,0.090130,0.098831,0.107435,0.115934,0.124317,0.132578,0.140708,0.148700,0.156544,0.164234,0.171762,0.179121,0.186302,0.193300,0.200107,0.206717,0.213122,0.219318,0.225296,0.231053,0.236581,0.241876,0.246933,0.251745,0.256309,0.260621,0.264675,0.268467,0.000000
0.000000,-0.282733,-0.285315,-0.287615,-0.289632,-0.291363,-0.292806,-0.293960,-0.294825,-0.295398,-0.295680,-0.295670,-0.295368,-0.294774,-0.293890,-0.292716,-0.291252,-0.289502,-0.287466,-0.285146,-0.282544,-0.279664,-0.276508,-0.273078,-0.269380,-0.265415,-0.261189,-0.256705,-0.251967,-0.246981,-0.241751,-0.236283,-0.230581,-0.224652,-0.218501,-0.212134,-0.205558,-0.198780,-0.191805,-0.184641,-0.177294,-0.169773,-0.162084,-0.154235,-0.146234,-0.138088,-0.129806,-0.121397,-0.112867,-0.104226,-0.095482,-0.086644,-0.077720,-0.068720,-0.059652,-0.050525,-0.041348,-0.032130,-0.022881,-0.013609,-0.004324,0.004966,0.014251,0.023521,0.032769,0.041984,0.051158,0.060281,0.069345,0.078340,0.087258,0.096090,0.104827,0.113460,0.121982,0.130383,0.138656,0.146792,0.154782,0.162621,0.170298,0.177808,0.185142,0.192293,0.199255,0.206020,0.212581,0.218933,0.225069,0.230983,0.236668,0.242121,0.247334,0.252303,0.257023,0.261490,0.265698,0.269644,0.273324,0.000000
0.000000,-0.286945,-0.289393,-0.291556,-0.293431,-0.295016,-0.296310,-0.297312,-0.298021,-0.298435,-0.298555,-0.298380,-0.297911,-0.297148,-0.296091,-0.294742,-0.293103,-0.291174,-0.288958,-0.286456,-0.283672,-0.280608,-0.277267,-0.273653,-0.269768,-0.265617,-0.261204,-0.256534,-0.251610,-0.246437,-0.241022,-0.235369,-0.229483,-0.223371,-0.217038,-0.210492,-0.203737,-0.196782,-0.189632,-0.182295,-0.174778,-0.167089,-0.159235,-0.151224,-0.143063,-0.134762,-0.126327,-0.117768,-0.109092,-0.100309,-0.091427,-0.082454,-0.073400,-0.064274,-0.055084,-0.045840,-0.036551,-0.027226,-0.017873,-0.008503,0.000875,0.010252,0.019620,0.028968,0.038287,0.047568,0.056803,0.065982,0.075095,0.084134,0.093091,0.101955,0.110719,0.119373,0.127910,0.136321,0.144597,0.152730,0.160712,0.168536,0.176194,0.183678,0.190980,0.198094,0.205013,0.211729,0.218236,0.224528,0.230598,0.236441,0.242050,0.247421,0.252547,0.257424,0.262047,0.266412,0.270513,0.274348,0.277911,0.000000
0.000000,-0.290873,-0.293185,-0.295208,-0.296940,-0.298378,-0.299522,-0.300371,-0.300923,-0.301178,-0.301136,-0.300796,-0.300160,-0.299228,-0.298000,-0.296478,-0.294664,-0.292559,-0.290165,-0.287485,-0.284521,-0.281276,-0.277754,-0.273957,-0.269890,-0.265557,-0.260962,-0.256109,-0.251003,-0.245650,-0.240055,-0.234222,-0.228158,-0.221869,-0.215362,-0.208641,-0.201715,-0.194590,-0.187272,-0.179770,-0.172090,-0.164241,-0.156229,-0.148064,-0.139752,-0.131302,-0.122723,-0.114022,-0.105209,-0.096293,-0.087281,-0.078183,-0.069008,-0.059764,-0.050462,-0.041110,-0.031718,-0.022294,-0.012848,-0.003389,0.006073,0.015529,0.024969,0.034385,0.043767,0.053106,0.062392,0.071617,0.080771,0.089846,0.098831,0.107720,0.116502,0.125169,0.133712,0.142124,0.150395,0.158518,0.166484,0.174286,0.181916,0.189367,0.196630,0.203700,0.210568,0.217229,0.223676,0.229901,0.235900,0.241666,0.247193,0.252477,0.257511,0.262291,0.266813,0.271071,0.275061,0.278780,0.282224,0.000000
0.000000,-0.294514,-0.296688,-0.298569,-0.300156,-0.301446,-0.302439,-0.303133,-0.303528,-0.303623,-0.303419,-0.302916,-0.302113,-0.301013,-0.299615,-0.297922,-0.295934,-0.293655,-0.291086,-0.288229,-0.285088,-0.281666,-0.277966,-0.273991,-0.269746,-0.265235,-0.260462,-0.255432,-0.250150,-0.244621,-0.238850,-0.232844,-0.226608,-0.220149,-0.213472,-0.206585,-0.199494,-0.192205,-0.184727,-0.177067,-0.169232,-0.161230,-0.153069,-0.144757,-0.136302,-0.127713,-0.118997,-0.110164,-0.101223,-0.092181,-0.083049,-0.073834,-0.064547,-0.055196,-0.045790,-0.036340,-0.026853,-0.017340,-0.007810,0.001728,0.011264,0.020789,0.030294,0.039769,0.049204,0.058591,0.067920,0.077182,0.086368,0.095468,0.104475,0.113378,0.122169,0.130840,0.139382,0.147786,0.156044,0.164149,0.172091,0.179864,0.187458,0.194868,0.202086,0.209104,0.215916,0.222515,0.228894,0.235047,0.240969,0.246652,0.252092,0.257284,0.262221,0.266900,0.271315,0.275463,0.279338,0.282938,0.286259,0.000000
0.000000,-0.297865,-0.299898,-0.301636,-0.303075,-0.304216,-0.305056,-0.305596,-0.305833,-0.305769,-0.305404,-0.304736,-0.303768,-0.302501,-0.300934,-0.299071,-0.296913,-0.294461,-0.291719,-0.288689,-0.285374,-0.281778,-0.277903,-0.273754,-0.269335,-0.264651,-0.259705,-0.254502,-0.249049,-0.243350,-0.237411,-0.231237,-0.224835,-0.218211,-0.211372,-0.204325,-0.197075,-0.189631,-0.182000,-0.174190,-0.166207,-0.158061,-0.149758,-0.141308,-0.132718,-0.123998,-0.115155,-0.106198,-0.097136,-0.087979,-0.078735,-0.069413,-0.060022,-0.050573,-0.041073,-0.031533,-0.021962,-0.012369,-0.002764,0.006844,0.016445,0.026030,0.035589,0.045113,0.054592,0.064018,0.073381,0.082671,0.091879,0.100997,0.110015,0.118924,0.127717,0.136383,0.144914,0.153303,0.161540,0.169618,0.177528,0.185264,0.192816,0.200178,0.207343,0.214303,0.221051,0.227581,0.233887,0.239962,0.245800,0.251395,0.256743,0.261837,0.266672,0.271245,0.275550,0.279582,0.283339,0.286817,0.290011,0.000000
0.000000,-0.300922,-0.302813,-0.304405,-0.305696,-0.306686,-0.307373,-0.307757,-0.307837,-0.307614,-0.307086,-0.306256,-0.305123,-0.303690,-0.301956,-0.299925,-0.297598,-0.294977,-0.292065,-0.288864,-0.285379,-0.281612,-0.277567,-0.273248,-0.268659,-0.263805,-0.258691,-0.253322,-0.247703,-0.241839,-0.235736,-0.229401,-0.222840,-0.216058,-0.209064,-0.201863,-0.194463,-0.186870,-0.179094,-0.171141,-0.163018,-0.154735,-0.146300,-0.137720,-0.129004,-0.120160,-0.111198,-0.102127,-0.092954,-0.083690,-0.074343,-0.064923,-0.055439,-0.045900,-0.036316,-0.026696,-0.017049,-0.007386,0.002285,0.011953,0.021609,0.031244,0.040849,0.050413,0.059927,0.069382,0.078769,0.088078,0.097300,0.106426,0.115447,0.124354,0.133138,0.141791,0.150304,0.158668,0.166876,0.174920,0.182790,0.190481,0.197983,0.205290,0.212394,0.219289,0.225968,0.232423,0.238649,0.244639,0.250388,0.255890,0.261140,0.266131,0.270860,0.275322,0.279512,0.283426,0.287061,0.290412,0.293477,0.000000
0.000000,-0.303682,-0.305428,-0.306873,-0.308015,-0.308853,-0.309387,-0.309615,-0.309537,-0.309154,-0.308466,-0.307473,-0.306178,-0.304579,-0.302681,-0.300483,-0.297989,-0.295201,-0.292122,-0.288754,-0.285102,-0.281168,-0.276956,-0.272471,-0.267718,-0.262700,-0.257423,-0.251892,-0.246112,-0.240089,-0.233830,-0.227339,-0.220625,-0.213692,-0.206549,-0.199202,-0.191658,-0.183925,-0.176011,-0.167922,-0.159669,-0.151257,-0.142697,-0.133995,-0.125161,-0.116204,-0.107132,-0.097954,-0.088680,-0.079318,-0.069878,-0.060369,-0.050800,-0.041182,-0.031522,-0.021832,-0.012120,-0.002396,0.007331,0.017050,0.026752,0.036428,0.046068,0.055663,0.065202,0.074678,0.084079,0.093398,0.102624,0.111749,0.120764,0.129660,0.138428,0.147059,0.155545,0.163877,0.172048,0.180049,0.187872,0.195510,0.202955,0.210200,0.217237,0.224059,0.230661,0.237035,0.243175,0.249075,0.254730,0.260133,0.265279,0.270163,0.274781,0.279128,0.283199,0.286991,0.290499,0.293721,0.296653,0.000000
0.000000,-0.306142,-0.307742,-0.309039,-0.310030,-0.310716,-0.311095,-0.311167,-0.310932,-0.310390,-0.309541,-0.308388,-0.306929,-0.305168,-0.303106,-0.300745,-0.298087,-0.295134,-0.291891,-0.288359,-0.284543,-0.280446,-0.276072,-0.271426,-0.266512,-0.261335,-0.255900,-0.250213,-0.244278,-0.238103,-0.231692,-0.225053,-0.218192,-0.211115,-0.203830,-0.196344,-0.188664,-0.180798,-0.172754,-0.164539,-0.156161,-0.147630,-0.138953,-0.130138,-0.121196,-0.112133,-0.102960,-0.093686,-0.084319,-0.074868,-0.065344,-0.055756,-0.046112,-0.036423,-0.026698,-0.016946,-0.007178,0.002597,0.012370,0.022130,0.031869,0.041576,0.051242,0.060858,0.070414,0.079900,0.089307,0.098626,0.107848,0.116963,0.125963,0.134838,0.143581,0.152182,0.160632,0.168924,0.177050,0.185000,0.192768,0.200346,0.207726,0.214902,0.221865,0.228609,0.235127,0.241414,0.247462,0.253266,0.258820,0.264118,0.269156,0.273929,0.278431,0.282658,0.286606,0.290272,0.293650,0.296740,0.299536,0.000000
0.000000,-0.308300,-0.309752,-0.310899,-0.311739,-0.312272,-0.312496,-0.312412,-0.312019,-0.311319,-0.310311,-0.308997,-0.307378,-0.305456,-0.303233,-0.300710,-0.297890,-0.294776,-0.291372,-0.287680,-0.283704,-0.279448,-0.274916,-0.270113,-0.265043,-0.259712,-0.254125,-0.248287,-0.242203,-0.235881,-0.229326,-0.222544,-0.215543,-0.208329,-0.200910,-0.193292,-0.185484,-0.177493,-0.169326,-0.160992,-0.152500,-0.143857,-0.135071,-0.126153,-0.117110,-0.107952,-0.098687,-0.089324,-0.079874,-0.070345,-0.060746,-0.051087,-0.041378,-0.031628,-0.021847,-0.012044,-0.002229,0.007587,0.017397,0.027189,0.036954,0.046683,0.056366,0.065993,0.075555,0.085043,0.094446,0.103757,0.112965,0.122061,0.131037,0.139884,0.148592,0.157154,0.165561,0.173805,0.181877,0.189769,0.197475,0.204985,0.212293,0.219391,0.226273,0.232932,0.239361,0.245554,0.251504,0.257206,0.262654,0.267843,0.272768,0.277424,0.281805,0.285909,0.289731,0.293266,0.296512,0.299466,0.302124,0.000000
0.000000,-0.310153,-0.311457,-0.312453,-0.313141,-0.313519,-0.313588,-0.313348,-0.312799,-0.311941,-0.310775,-0.309302,-0.307524,-0.305443,-0.303060,-0.300378,-0.297399,-0.294128,-0.290565,-0.286716,-0.282585,-0.278174,-0.273489,-0.268533,-0.263313,-0.257833,-0.252099,-0.246116,-0.239889,-0.233426,-0.226733,-0.219816,-0.212682,-0.205338,-0.197792,-0.190050,-0.182121,-0.174012,-0.165731,-0.157287,-0.148688,-0.139941,-0.131057,-0.122043,-0.112909,-0.103664,-0.094316,-0.084875,-0.075350,-0.065751,-0.056087,-0.046368,-0.036603,-0.026802,-0.016974,-0.007130,0.002721,0.012570,0.022406,0.032221,0.042003,0.051744,0.061434,0.071063,0.080622,0.090102,0.099492,0.108785,0.117970,0.127039,0.135982,0.144791,0.153457,0.161972,0.170327,0.178514,0.186524,0.194351,0.201986,0.209421,0.216650,0.223665,0.230459,0.237026,0.243359,0.249451,0.255298,0.260893,0.266230,0.271304,0.276111,0.280645,0.284902,0.288878,0.292569,0.295971,0.299081,0.301896,0.304413,0.000000
0.000000,-0.311701,-0.312854,-0.313698,-0.314233,-0.314457,-0.314372,-0.313976,-0.313270,-0.312255,-0.310931,-0.309301,-0.307366,-0.305128,-0.302588,-0.299749,-0.296615,-0.293188,-0.289472,-0.285470,-0.281186,-0.276625,-0.271791,-0.266689,-0.261323,-0.255700,-0.249824,-0.243702,-0.237339,-0.230742,-0.223917,-0.216871,-0.209611,-0.202145,-0.194479,-0.186620,-0.178578,-0.170360,-0.161973,-0.153427,-0.144729,-0.135888,-0.126913,-0.117813,-0.108597,-0.099273,-0.089852,-0.080342,-0.070752,-0.061093,-0.051374,-0.041603,-0.031792,-0.021949,-0.012085,-0.002209,0.007670,0.017540,0.027394,0.037220,0.047010,0.056754,0.066441,0.076063,0.085610,0.095072,0.104440,0.113706,0.122859,0.131891,0.140793,0.149555,0.158171,0.166630,0.174924,0.183046,0.190988,0.198741,0.206298,0.213651,0.220793,0.227718,0.234417,0.240886,0.247116,0.253103,0.258840,0.264322,0.269542,0.274497,0.279181,0.283589,0.287718,0.291562,0.295119,0.298384,0.301355,0.304029,0.306402,0.000000
0.000000,-0.312941,-0.313942,-0.314634,-0.315015,-0.315085,-0.314845,-0.314293,-0.313432,-0.312261,-0.310782,-0.308996,-0.306905,-0.304511,-0.301817,-0.298825,-0.295538,-0.291960,-0.288093,-0.283942,-0.279511,-0.274804,-0.269825,-0.264581,-0.259075,-0.253314,-0.247303,-0.241047,-0.234554,-0.227829,-0.220880,-0.213712,-0.206334,-0.198751,-0.190973,-0.183007,-0.174859,-0.166539,-0.158055,-0.149415,-0.140627,-0.131701,-0.122644,-0.113467,-0.104177,-0.094785,-0.085299,-0.075729,-0.066085,-0.056375,-0.046609,-0.036798,-0.026950,-0.017075,-0.007184,0.002714,0.012610,0.022493,0.032354,0.042184,0.051971,0.061707,0.071383,0.080988,0.090513,0.099948,0.109285,0.118514,0.127627,0.136613,0.145464,0.154172,0.162728,0.171123,0.179349,0.187399,0.195263,0.202934,0.210406,0.217669,0.224718,0.231545,0.238144,0.244508,0.250630,0.256505,0.262127,0.267490,0.272589,0.277419,0.281975,0.286253,0.290249,0.293958,0.297377,0.300503,0.303332,0.305861,0.308089,0.000000
0.000000,-0.313872,-0.314721,-0.315259,-0.315487,-0.315402,-0.315007,-0.314301,-0.313284,-0.311958,-0.310325,-0.308385,-0.306141,-0.303595,-0.300749,-0.297606,-0.294170,-0.290443,-0.286430,-0.282134,-0.277559,-0.272711,-0.267594,-0.262212,-0.256572,-0.250678,-0.244537,-0.238155,-0.231538,-0.224692,-0.217624,-0.210342,-0.202852,-0.195162,-0.187279,-0.179212,-0.170968,-0.162555,-0.153981,-0.145256,-0.136387,-0.127383,-0.118254,-0.109009,-0.099655,-0.090203,-0.080663,-0.071042,-0.061352,-0.051601,-0.041799,-0.031956,-0.022081,-0.012184,-0.002276,0.007635,0.017538,0.027424,0.037283,0.047105,0.056881,0.066600,0.076254,0.085832,0.095326,0.104726,0.114022,0.123206,0.132268,0.141200,0.149992,0.158637,0.167125,0.175447,0.183597,0.191566,0.199345,0.206928,0.214306,0.221473,0.228422,0.235145,0.241636,0.247888,0.253896,0.259654,0.265155,0.270394,0.275367,0.280067,0.284492,0.288635,0.292494,0.296064,0.299342,0.302325,0.305009,0.307392,0.309472,0.000000
0.000000,-0.314494,-0.315189,-0.315574,-0.315647,-0.315408,-0.314858,-0.313998,-0.312827,-0.311348,-0.309562,-0.307470,-0.305075,-0.302378,-0.299384,-0.296093,-0.292511,-0.288640,-0.284484,-0.280047,-0.275334,-0.270349,-0.265097,-0.259584,-0.253815,-0.247795,-0.241530,-0.235028,-0.228293,-0.221333,-0.214154,-0.206765,-0.199171,-0.191380,-0.183401,-0.175241,-0.166907,-0.158409,-0.149755,-0.140953,-0.132012,-0.122940,-0.113748,-0.104443,-0.095034,-0.085533,-0.075946,-0.066285,-0.056558,-0.046776,-0.036947,-0.027082,-0.017190,-0.007281,0.002635,0.012548,0.022449,0.032328,0.042175,0.051980,0.061734,0.071427,0.081050,0.090593,0.100046,0.109400,0.118647,0.127776,0.136780,0.145648,0.154373,0.162945,0.171356,0.179599,0.187664,0.195544,0.203231,0.210717,0.217996,0.225059,0.231900,0.238512,0.244889,0.251024,0.256912,0.262546,0.267921,0.273031,0.277872,0.282439,0.286727,0.290732,0.294451,0.297878,0.301012,0.303848,0.306385,0.308619,0.310549,0.000000
0.000000,-0.314805,-0.315346,-0.315576,-0.315495,-0.315102,-0.314399,-0.313385,-0.312062,-0.310431,-0.308493,-0.306252,-0.303707,-0.300864,-0.297723,-0.294288,-0.290563,-0.286552,-0.282257,-0.277684,-0.272837,-0.267720,-0.262340,-0.256700,-0.250807,-0.244667,-0.238285,-0.231668,-0.224823,-0.217755,-0.210473,-0.202983,-0.195292,-0.187409,-0.179341,-0.171096,-0.162682,-0.154108,-0.145381,-0.136511,-0.127507,-0.118376,-0.109129,-0.099774,-0.090320,-0.080777,-0.071155,-0.061462,-0.051709,-0.041905,-0.032059,-0.022182,-0.012282,-0.002371,0.007543,0.017449,0.027338,0.037200,0.047025,0.056804,0.066527,0.076184,0.085766,0.095263,0.104667,0.113967,0.123154,0.132220,0.141156,0.149952,0.158600,0.167092,0.175419,0.183573,0.191545,0.199329,0.206916,0.214298,0.221469,0.228422,0.235149,0.241644,0.247901,0.253913,0.259674,0.265179,0.270423,0.275399,0.280104,0.284532,0.288680,0.292543,0.296116,0.299398,0.302384,0.305072,0.307459,0.309542,0.311320,0.000000
0.000000,-0.314805,-0.315192,-0.315268,-0.315032,-0.314486,-0.313629,-0.312463,-0.310989,-0.309207,-0.307121,-0.304731,-0.302040,-0.299052,-0.295768,-0.292193,-0.288329,-0.284181,-0.279752,-0.275047,-0.270070,-0.264827,-0.259323,-0.253563,-0.247553,-0.241298,-0.234805,-0.228080,-0.221131,-0.213963,-0.206584,-0.199001,-0.191222,-0.183254,-0.175105,-0.166783,-0.158297,-0.149654,-0.140864,-0.131935,-0.122875,-0.113695,-0.104402,-0.095006,-0.085516,-0.075942,-0.066293,-0.056579,-0.046809,-0.036992,-0.027139,-0.017259,-0.007363,0.002541,0.012443,0.022332,0.032199,0.042035,0.051829,0.061572,0.071254,0.080865,0.090397,0.099840,0.109184,0.118421,0.127540,0.136534,0.145393,0.154108,0.162672,0.171075,0.179309,0.187366,0.195238,0.202917,0.210397,0.217668,0.224725,0.231560,0.238166,0.244538,0.250668,0.256551,0.262180,0.267551,0.272658,0.277495,0.282059,0.286345,0.290348,0.294064,0.297490,0.300623,0.303459,0.305995,0.308229,0.310160,0.311784,0.000000
0.000000,-0.314495,-0.314727,-0.314648,-0.314258,-0.313559,-0.312550,-0.311233,-0.309608,-0.307678,-0.305445,-0.302909,-0.300075,-0.296945,-0.293522,-0.289809,-0.285810,-0.281529,-0.276970,-0.272138,-0.267037,-0.261673,-0.256051,-0.250176,-0.244053,-0.237691,-0.231093,-0.224267,-0.217221,-0.209959,-0.202491,-0.194823,-0.186962,-0.178917,-0.170695,-0.162305,-0.153755,-0.145053,-0.136208,-0.127228,-0.118123,-0.108901,-0.099572,-0.090145,-0.080628,-0.071032,-0.061366,-0.051640,-0.041862,-0.032043,-0.022193,-0.012320,-0.002436,0.007451,0.017331,0.027194,0.037029,0.046828,0.056581,0.066279,0.075910,0.085467,0.094939,0.104318,0.113594,0.122758,0.131800,0.140713,0.149486,0.158112,0.166583,0.174888,0.183021,0.190974,0.198738,0.206305,0.213670,0.220823,0.227759,0.234469,0.240948,0.247190,0.253188,0.258935,0.264427,0.269659,0.274624,0.279318,0.283736,0.287874,0.291729,0.295295,0.298570,0.301550,0.304233,0.306616,0.308696,0.310471,0.311940,0.000000
0.000000,-0.313874,-0.313951,-0.313717,-0.313175,-0.312323,-0.311163,-0.309695,-0.307922,-0.305846,-0.303467,-0.300789,-0.297814,-0.294545,-0.290986,-0.287139,-0.283009,-0.278600,-0.273916,-0.268961,-0.263741,-0.258261,-0.252526,-0.246541,-0.240313,-0.233849,-0.227153,-0.220233,-0.213096,-0.205749,-0.198198,-0.190452,-0.182518,-0.174404,-0.166118,-0.157667,-0.149061,-0.140309,-0.131417,-0.122396,-0.113254,-0.104001,-0.094644,-0.085195,-0.075661,-0.066052,-0.056379,-0.046650,-0.036874,-0.027063,-0.017224,-0.007369,0.002494,0.012354,0.022202,0.032028,0.041823,0.051576,0.061278,0.070920,0.080492,0.089984,0.099388,0.108693,0.117892,0.126974,0.135930,0.144753,0.153432,0.161961,0.170329,0.178529,0.186553,0.194393,0.202041,0.209490,0.216732,0.223760,0.230567,0.237147,0.243493,0.249598,0.255457,0.261064,0.266414,0.271500,0.276319,0.280864,0.285133,0.289120,0.292822,0.296235,0.299356,0.302181,0.304708,0.306934,0.308857,0.310476,0.311788,0.000000
0.000000,-0.312944,-0.312865,-0.312477,-0.311782,-0.310778,-0.309468,-0.307852,-0.305933,-0.303711,-0.301190,-0.298372,-0.295259,-0.291855,-0.288163,-0.284186,-0.279929,-0.275396,-0.270591,-0.265518,-0.260184,-0.254593,-0.248751,-0.242663,-0.236336,-0.229776,-0.222989,-0.215982,-0.208761,-0.201335,-0.193710,-0.185893,-0.177894,-0.169718,-0.161376,-0.152874,-0.144221,-0.135426,-0.126497,-0.117443,-0.108273,-0.098997,-0.089623,-0.080160,-0.070619,-0.061007,-0.051336,-0.041613,-0.031850,-0.022055,-0.012239,-0.002410,0.007421,0.017245,0.027051,0.036831,0.046575,0.056272,0.065915,0.075492,0.084994,0.094413,0.103738,0.112961,0.122073,0.131064,0.139926,0.148650,0.157227,0.165649,0.173907,0.181994,0.189901,0.197621,0.205146,0.212468,0.219580,0.226476,0.233149,0.239591,0.245797,0.251760,0.257475,0.262936,0.268137,0.273074,0.277741,0.282134,0.286248,0.290080,0.293626,0.296882,0.299845,0.302513,0.304881,0.306949,0.308714,0.310174,0.311328,0.000000
0.000000,-0.311704,-0.311471,-0.310929,-0.310081,-0.308927,-0.307468,-0.305705,-0.303641,-0.301277,-0.298616,-0.295660,-0.292413,-0.288876,-0.285055,-0.280952,-0.276573,-0.271920,-0.266999,-0.261814,-0.256371,-0.250675,-0.244731,-0.238546,-0.232126,-0.225476,-0.218604,-0.211517,-0.204220,-0.196722,-0.189030,-0.181151,-0.173094,-0.164866,-0.156475,-0.147929,-0.139238,-0.130409,-0.121452,-0.112374,-0.103186,-0.093896,-0.084513,-0.075047,-0.065507,-0.055902,-0.046242,-0.036536,-0.026794,-0.017026,-0.007241,0.002551,0.012341,0.022118,0.031874,0.041598,0.051281,0.060913,0.070486,0.079989,0.089412,0.098748,0.107986,0.117118,0.126134,0.135026,0.143784,0.152400,0.160866,0.169173,0.177314,0.185279,0.193062,0.200653,0.208047,0.215236,0.222212,0.228969,0.235500,0.241798,0.247858,0.253674,0.259239,0.264548,0.269596,0.274378,0.278889,0.283125,0.287081,0.290755,0.294141,0.297237,0.300040,0.302546,0.304754,0.306661,0.308266,0.309566,0.310561,0.000000
0.000000,-0.310158,-0.309769,-0.309074,-0.308074,-0.306771,-0.305164,-0.303257,-0.301050,-0.298546,-0.295747,-0.292657,-0.289278,-0.285613,-0.281666,-0.277442,-0.272943,-0.268175,-0.263143,-0.257851,-0.252304,-0.246509,-0.240470,-0.234194,-0.227686,-0.220954,-0.214004,-0.206843,-0.199478,-0.191916,-0.184164,-0.176231,-0.168123,-0.159850,-0.151419,-0.142839,-0.134118,-0.125264,-0.116286,-0.107194,-0.097997,-0.088702,-0.079320,-0.069859,-0.060330,-0.050741,-0.041102,-0.031423,-0.021712,-0.011980,-0.002236,0.007510,0.017248,0.026970,0.036665,0.046323,0.055936,0.065494,0.074987,0.084407,0.093743,0.102986,0.112128,0.121159,0.130070,0.138854,0.147500,0.156000,0.164347,0.172531,0.180545,0.188381,0.196031,0.203488,0.210744,0.217792,0.224625,0.231236,0.237619,0.243767,0.249675,0.255337,0.260746,0.265899,0.270788,0.275411,0.279762,0.283836,0.287631,0.291142,0.294365,0.297298,0.299937,0.302281,0.304326,0.306071,0.307514,0.308653,0.309488,0.000000
0.000000,-0.308305,-0.307761,-0.306914,-0.305764,-0.304312,-0.302560,-0.300509,-0.298161,-0.295520,-0.292587,-0.289365,-0.285857,-0.282067,-0.277999,-0.273657,-0.269044,-0.264166,-0.259028,-0.253633,-0.247989,-0.242099,-0.235971,-0.229610,-0.223022,-0.216214,-0.209193,-0.201966,-0.194539,-0.186920,-0.179116,-0.171136,-0.162987,-0.154677,-0.146214,-0.137607,-0.128865,-0.119995,-0.111007,-0.101909,-0.092710,-0.083421,-0.074048,-0.064603,-0.055094,-0.045531,-0.035922,-0.026278,-0.016609,-0.006922,0.002770,0.012461,0.022139,0.031795,0.041419,0.051003,0.060537,0.070011,0.079415,0.088741,0.097980,0.107122,0.116159,0.125080,0.133878,0.142545,0.151070,0.159446,0.167665,0.175719,0.183599,0.191298,0.198808,0.206122,0.213232,0.220132,0.226815,0.233274,0.239503,0.245496,0.251246,0.256748,0.261997,0.266987,0.271714,0.276172,0.280358,0.284268,0.287897,0.291241,0.294299,0.297066,0.299539,0.301718,0.303598,0.305179,0.306458,0.307435,0.308109,0.000000
0.000000,-0.306147,-0.305450,-0.304451,-0.303151,-0.301553,-0.299656,-0.297464,-0.294979,-0.292202,-0.289137,-0.285787,-0.282154,-0.278243,-0.274058,-0.269602,-0.264880,-0.259897,-0.254657,-0.249166,-0.243429,-0.237451,-0.231240,-0.224800,-0.218138,-0.211261,-0.204176,-0.196889,-0.189407,-0.181739,-0.173892,-0.165872,-0.157690,-0.149351,-0.140865,-0.132240,-0.123485,-0.114608,-0.105617,-0.096523,-0.087333,-0.078057,-0.068704,-0.059283,-0.049803,-0.040275,-0.030707,-0.021108,-0.011489,-0.001858,0.007775,0.017400,0.027007,0.036588,0.046133,0.055633,0.065077,0.074458,0.083764,0.092989,0.102121,0.111153,0.120075,0.128878,0.137554,0.146095,0.154491,0.162735,0.170818,0.178733,0.186471,0.194025,0.201388,0.208552,0.215511,0.222256,0.228782,0.235083,0.241151,0.246982,0.252568,0.257906,0.262989,0.267812,0.272371,0.276661,0.280679,0.284419,0.287878,0.291054,0.293942,0.296540,0.298846,0.300856,0.302570,0.303985,0.305100,0.305914,0.306426,0.000000
0.000000,-0.303688,-0.302837,-0.301687,-0.300240,-0.298496,-0.296457,-0.294126,-0.291505,-0.288596,-0.285402,-0.281927,-0.278173,-0.274145,-0.269846,-0.265281,-0.260454,-0.255371,-0.250035,-0.244452,-0.238628,-0.232569,-0.226280,-0.219768,-0.213038,-0.206099,-0.198956,-0.191617,-0.184089,-0.176379,-0.168495,-0.160445,-0.152237,-0.143878,-0.135377,-0.126743,-0.117983,-0.109107,-0.100124,-0.091041,-0.081869,-0.072616,-0.063291,-0.053904,-0.044464,-0.034980,-0.025461,-0.015917,-0.006357,0.003208,0.012771,0.022321,0.031849,0.041346,0.050802,0.060207,0.069554,0.078831,0.088031,0.097144,0.106161,0.115074,0.123872,0.132549,0.141094,0.149501,0.157760,0.165863,0.173803,0.181571,0.189159,0.196562,0.203770,0.210777,0.217576,0.224160,0.230523,0.236659,0.242561,0.248224,0.253641,0.258809,0.263721,0.268373,0.272759,0.276877,0.280722,0.284289,0.287576,0.290579,0.293295,0.295722,0.297857,0.299698,0.301243,0.302491,0.303441,0.304091,0.304441,0.000000
0.000000,-0.300929,-0.299925,-0.298626,-0.297032,-0.295144,-0.292966,-0.290498,-0.287744,-0.284705,-0.281386,-0.277789,-0.273918,-0.269776,-0.265368,-0.260699,-0.255772,-0.250592,-0.245166,-0.239497,-0.233592,-0.227457,-0.221097,-0.214519,-0.207729,-0.200734,-0.193541,-0.186157,-0.178589,-0.170845,-0.162933,-0.154859,-0.146633,-0.138262,-0.129755,-0.121120,-0.112365,-0.103499,-0.094531,-0.085470,-0.076324,-0.067104,-0.057816,-0.048472,-0.039080,-0.029650,-0.020190,-0.010710,-0.001220,0.008272,0.017755,0.027221,0.036660,0.046063,0.055420,0.064723,0.073961,0.083127,0.092211,0.101204,0.110097,0.118881,0.127548,0.136089,0.144495,0.152760,0.160873,0.168827,0.176615,0.184229,0.191661,0.198904,0.205950,0.212793,0.219427,0.225843,0.232037,0.238002,0.243732,0.249221,0.254464,0.259457,0.264193,0.268668,0.272879,0.276820,0.280488,0.283879,0.286990,0.289817,0.292359,0.294612,0.296575,0.298244,0.299620,0.300699,0.301482,0.301968,0.302155,0.000000
0.000000,-0.297873,-0.296718,-0.295270,-0.293531,-0.291502,-0.289185,-0.286583,-0.283698,-0.280533,-0.277092,-0.273377,-0.269392,-0.265141,-0.260628,-0.255859,-0.250837,-0.245567,-0.240055,-0.234306,-0.228326,-0.222120,-0.215695,-0.209058,-0.202214,-0.195170,-0.187934,-0.180513,-0.172913,-0.165143,-0.157209,-0.149121,-0.140885,-0.132511,-0.124005,-0.115378,-0.106636,-0.097789,-0.088846,-0.079814,-0.070705,-0.061525,-0.052285,-0.042993,-0.033658,-0.024291,-0.014899,-0.005493,0.003919,0.013327,0.022721,0.032094,0.041434,0.050734,0.059984,0.069174,0.078296,0.087341,0.096300,0.105163,0.113923,0.122571,0.131097,0.139494,0.147754,0.155867,0.163827,0.171625,0.179254,0.186706,0.193973,0.201050,0.207927,0.214600,0.221061,0.227303,0.233322,0.239110,0.244662,0.249972,0.255036,0.259848,0.264404,0.268699,0.272729,0.276489,0.279977,0.283188,0.286120,0.288770,0.291134,0.293212,0.294999,0.296496,0.297700,0.298611,0.299226,0.299547,0.299571,0.000000
0.000000,-0.294523,-0.293217,-0.291623,-0.289740,-0.287571,-0.285119,-0.282385,-0.279373,-0.276085,-0.272524,-0.268695,-0.264600,-0.260244,-0.255631,-0.250766,-0.245654,-0.240299,-0.234707,-0.228883,-0.222834,-0.216564,-0.210081,-0.203391,-0.196500,-0.189414,-0.182142,-0.174691,-0.167066,-0.159277,-0.151331,-0.143235,-0.134998,-0.126628,-0.118133,-0.109521,-0.100802,-0.091982,-0.083072,-0.074080,-0.065015,-0.055886,-0.046701,-0.037470,-0.028203,-0.018908,-0.009594,-0.000270,0.009054,0.018369,0.027665,0.036935,0.046168,0.055355,0.064488,0.073557,0.082554,0.091469,0.100293,0.109019,0.117638,0.126140,0.134517,0.142762,0.150866,0.158821,0.166620,0.174254,0.181716,0.188998,0.196094,0.202997,0.209699,0.216195,0.222477,0.228539,0.234376,0.239982,0.245350,0.250477,0.255356,0.259984,0.264355,0.268465,0.272310,0.275886,0.279190,0.282218,0.284968,0.287437,0.289622,0.291521,0.293133,0.294455,0.295487,0.296227,0.296675,0.296830,0.296692,0.000000
0.000000,-0.290882,-0.289428,-0.287687,-0.285663,-0.283357,-0.280772,-0.277909,-0.274772,-0.271364,-0.267688,-0.263747,-0.259547,-0.255090,-0.250382,-0.245426,-0.240229,-0.234794,-0.229128,-0.223235,-0.217122,-0.210795,-0.204260,-0.197523,-0.190591,-0.183471,-0.176171,-0.168696,-0.161055,-0.153255,-0.145303,-0.137208,-0.128978,-0.120621,-0.112144,-0.103557,-0.094868,-0.086085,-0.077217,-0.068273,-0.059261,-0.050191,-0.041071,-0.031911,-0.022720,-0.013506,-0.004278,0.004953,0.014180,0.023392,0.032582,0.041739,0.050856,0.059922,0.068929,0.077868,0.086730,0.095506,0.104188,0.112768,0.121236,0.129584,0.137805,0.145889,0.153830,0.161619,0.169248,0.176710,0.183998,0.191104,0.198022,0.204744,0.211264,0.217576,0.223673,0.229549,0.235199,0.240617,0.245797,0.250734,0.255425,0.259863,0.264044,0.267965,0.271622,0.275010,0.278127,0.280970,0.283535,0.285821,0.287824,0.289544,0.290977,0.292124,0.292982,0.293551,0.293831,0.293820,0.293519,0.000000
0.000000,-0.286955,-0.285352,-0.283468,-0.281305,-0.278864,-0.276147,-0.273158,-0.269900,-0.266375,-0.262587,-0.258540,-0.254238,-0.249685,-0.244885,-0.239844,-0.234567,-0.229057,-0.223322,-0.217366,-0.211196,-0.204817,-0.198237,-0.191460,-0.184495,-0.177347,-0.170025,-0.162535,-0.154884,-0.147081,-0.139132,-0.131046,-0.122831,-0.114494,-0.106045,-0.097491,-0.088840,-0.080102,-0.071285,-0.062398,-0.053449,-0.044447,-0.035401,-0.026321,-0.017214,-0.008091,0.001041,0.010171,0.019292,0.028393,0.037466,0.046503,0.055493,0.064429,0.073301,0.082101,0.090820,0.099449,0.107980,0.116405,0.124714,0.132901,0.140956,0.148872,0.156642,0.164256,0.171709,0.178992,0.186099,0.193022,0.199754,0.206289,0.212621,0.218743,0.224649,0.230333,0.235790,0.241014,0.246001,0.250744,0.255241,0.259485,0.263473,0.267201,0.270666,0.273863,0.276790,0.279444,0.281822,0.283922,0.285742,0.287280,0.288535,0.289504,0.290188,0.290586,0.290696,0.290520,0.290057,0.000000
0.000000,-0.282744,-0.280995,-0.278970,-0.276669,-0.274095,-0.271250,-0.268138,-0.264761,-0.261123,-0.257227,-0.253077,-0.248678,-0.244033,-0.239147,-0.234026,-0.228673,-0.223095,-0.217296,-0.211283,-0.205062,-0.198638,-0.192018,-0.185209,-0.178216,-0.171048,-0.163712,-0.156213,-0.148561,-0.140762,-0.132823,-0.124754,-0.116562,-0.108255,-0.099841,-0.091328,-0.082725,-0.074041,-0.065283,-0.056461,-0.047584,-0.038659,-0.029696,-0.020704,-0.011692,-0.002668,0.006359,0.015379,0.024385,0.033366,0.042314,0.051220,0.060076,0.068873,0.077602,0.086254,0.094821,0.103294,0.111666,0.119927,0.128070,0.136086,0.143968,0.151708,0.159299,0.166732,0.174001,0.181098,0.188016,0.194749,0.201289,0.207631,0.213768,0.219694,0.225403,0.230889,0.236148,0.241174,0.245962,0.250507,0.254805,0.258851,0.262642,0.266174,0.269443,0.272446,0.275180,0.277643,0.279831,0.281744,0.283378,0.284733,0.285807,0.286599,0.287108,0.287333,0.287275,0.286934,0.286309,0.000000
0.000000,-0.278254,-0.276361,-0.274195,-0.271759,-0.269055,-0.266085,-0.262853,-0.259361,-0.255613,-0.251613,-0.247365,-0.242872,-0.238140,-0.233173,-0.227976,-0.222554,-0.216912,-0.211056,-0.204991,-0.198725,-0.192262,-0.185610,-0.178774,-0.171762,-0.164581,-0.157237,-0.149738,-0.142091,-0.134304,-0.126384,-0.118340,-0.110178,-0.101908,-0.093538,-0.085075,-0.076528,-0.067906,-0.059217,-0.050469,-0.041672,-0.032833,-0.023962,-0.015067,-0.006158,0.002758,0.011671,0.020572,0.029453,0.038306,0.047120,0.055887,0.064600,0.073249,0.081825,0.090321,0.098728,0.107037,0.115241,0.123331,0.131299,0.139137,0.146839,0.154395,0.161799,0.169043,0.176121,0.183024,0.189747,0.196283,0.202625,0.208767,0.214703,0.220428,0.225934,0.231218,0.236274,0.241096,0.245680,0.250022,0.254117,0.257962,0.261552,0.264883,0.267954,0.270760,0.273298,0.275567,0.277564,0.279287,0.280735,0.281905,0.282797,0.283411,0.283744,0.283797,0.283571,0.283064,0.282278,0.000000
0.000000,-0.273489,-0.271454,-0.269151,-0.266582,-0.263750,-0.260658,-0.257309,-0.253705,-0.249851,-0.245751,-0.241408,-0.236827,-0.232013,-0.226969,-0.221701,-0.216215,-0.210515,-0.204607,-0.198497,-0.192192,-0.185697,-0.179018,-0.172163,-0.165138,-0.157950,-0.150607,-0.143114,-0.135480,-0.127713,-0.119820,-0.111808,-0.103686,-0.095462,-0.087143,-0.078738,-0.070256,-0.061705,-0.053092,-0.044427,-0.035718,-0.026975,-0.018204,-0.009415,-0.000617,0.008181,0.016971,0.025745,0.034493,0.043207,0.051879,0.060499,0.069060,0.077553,0.085968,0.094300,0.102538,0.110675,0.118702,0.126613,0.134398,0.142051,0.149564,0.156929,0.164139,0.171187,0.178067,0.184770,0.191292,0.197624,0.203762,0.209698,0.215427,0.220944,0.226243,0.231318,0.236166,0.240780,0.245156,0.249291,0.253179,0.256818,0.260203,0.263332,0.266200,0.268806,0.271147,0.273220,0.275023,0.276555,0.277814,0.278799,0.279509,0.279943,0.280100,0.279981,0.279586,0.278915,0.277969,0.000000
0.000000,-0.268455,-0.266279,-0.263840,-0.261141,-0.258185,-0.254973,-0.251510,-0.247799,-0.243843,-0.239647,-0.235214,-0.230548,-0.225656,-0.220541,-0.215208,-0.209662,-0.203910,-0.197956,-0.191807,-0.185469,-0.178948,-0.172250,-0.165383,-0.158352,-0.151164,-0.143828,-0.136349,-0.128736,-0.120996,-0.113137,-0.105166,-0.097091,-0.088920,-0.080662,-0.072324,-0.063915,-0.055442,-0.046915,-0.038341,-0.029730,-0.021089,-0.012428,-0.003754,0.004923,0.013596,0.022255,0.030892,0.039499,0.048067,0.056587,0.065052,0.073452,0.081780,0.090027,0.098185,0.106246,0.114203,0.122046,0.129770,0.137365,0.144825,0.152142,0.159308,0.166318,0.173163,0.179837,0.186334,0.192647,0.198770,0.204697,0.210422,0.215939,0.221243,0.226328,0.231190,0.235825,0.240226,0.244390,0.248313,0.251991,0.255421,0.258598,0.261520,0.264184,0.266588,0.268728,0.270603,0.272211,0.273550,0.274619,0.275418,0.275944,0.276198,0.276180,0.275889,0.275326,0.274491,0.273385,0.000000
0.000000,-0.263155,-0.260841,-0.258270,-0.255443,-0.252365,-0.249037,-0.245464,-0.241648,-0.237594,-0.233306,-0.228787,-0.224042,-0.219076,-0.213895,-0.208502,-0.202903,-0.197104,-0.191110,-0.184928,-0.178564,-0.172023,-0.165312,-0.158439,-0.151408,-0.144229,-0.136907,-0.129450,-0.121865,-0.114160,-0.106343,-0.098420,-0.090401,-0.082292,-0.074101,-0.065838,-0.057510,-0.049125,-0.040691,-0.032218,-0.023712,-0.015183,-0.006640,0.001911,0.010459,0.018997,0.027517,0.036009,0.044466,0.052879,0.061239,0.069539,0.077771,0.085926,0.093996,0.101973,0.109850,0.117618,0.125270,0.132799,0.140196,0.147455,0.154569,0.161530,0.168332,0.174967,0.181430,0.187714,0.193813,0.199720,0.205430,0.210937,0.216237,0.221323,0.226190,0.230834,0.235251,0.239435,0.243383,0.247091,0.250555,0.253771,0.256738,0.259451,0.261907,0.264106,0.266043,0.267719,0.269130,0.270275,0.271153,0.271765,0.272107,0.272182,0.271987,0.271525,0.270794,0.269796,0.268532,0.000000
0.000000,-0.257596,-0.255146,-0.252444,-0.249493,-0.246296,-0.242855,-0.239175,-0.235259,-0.231111,-0.226734,-0.222134,-0.217315,-0.212281,-0.207038,-0.201590,-0.195943,-0.190103,-0.184076,-0.177867,-0.171482,-0.164928,-0.158211,-0.151338,-0.144316,-0.137151,-0.129851,-0.122423,-0.114874,-0.107212,-0.099444,-0.091577,-0.083621,-0.075581,-0.067468,-0.059287,-0.051048,-0.042759,-0.034428,-0.026062,-0.017671,-0.009263,-0.000845,0.007574,0.015985,0.024380,0.032751,0.041090,0.049389,0.057638,0.065831,0.073959,0.082014,0.089987,0.097873,0.105661,0.113345,0.120918,0.128371,0.135697,0.142889,0.149941,0.156844,0.163593,0.170180,0.176599,0.182844,0.188909,0.194787,0.200472,0.205961,0.211245,0.216322,0.221184,0.225829,0.230250,0.234445,0.238408,0.242136,0.245624,0.248871,0.251872,0.254624,0.257125,0.259372,0.261363,0.263097,0.264570,0.265783,0.266733,0.267420,0.267843,0.268002,0.267896,0.267526,0.266892,0.265995,0.264835,0.263413,0.000000
0.000000,-0.251783,-0.249199,-0.246369,-0.243296,-0.239983,-0.236433,-0.232650,-0.228637,-0.224399,-0.219939,-0.215262,-0.210373,-0.205276,-0.199976,-0.194479,-0.188790,-0.182915,-0.176860,-0.170629,-0.164231,-0.157670,-0.150954,-0.144089,-0.137081,-0.129938,-0.122667,-0.115275,-0.107769,-0.100157,-0.092446,-0.084644,-0.076758,-0.068797,-0.060767,-0.052678,-0.044537,-0.036351,-0.028130,-0.019881,-0.011613,-0.003333,0.004951,0.013229,0.021495,0.029739,0.037954,0.046131,0.054263,0.062341,0.070358,0.078305,0.086175,0.093960,0.101653,0.109244,0.116729,0.124098,0.131344,0.138461,0.145441,0.152278,0.158964,0.165494,0.171860,0.178057,0.184078,0.189917,0.195569,0.201027,0.206288,0.211345,0.216193,0.220828,0.225245,0.229439,0.233408,0.237145,0.240649,0.243916,0.246941,0.249723,0.252259,0.254545,0.256581,0.258363,0.259890,0.261161,0.262174,0.262928,0.263423,0.263657,0.263632,0.263346,0.262801,0.261996,0.260933,0.259612,0.258035,0.000000
0.000000,-0.245721,-0.243006,-0.240051,-0.236860,-0.233434,-0.229779,-0.225896,-0.221790,-0.217466,-0.212927,-0.208178,-0.203223,-0.198068,-0.192718,-0.187177,-0.181451,-0.175547,-0.169469,-0.163224,-0.156818,-0.150257,-0.143548,-0.136697,-0.129711,-0.122597,-0.115362,-0.108014,-0.100558,-0.093004,-0.085358,-0.077627,-0.069820,-0.061944,-0.054007,-0.046017,-0.037981,-0.029908,-0.021805,-0.013680,-0.005543,0.002601,0.010742,0.018872,0.026983,0.035068,0.043118,0.051126,0.059083,0.066982,0.074815,0.082574,0.090252,0.097840,0.105332,0.112720,0.119997,0.127155,0.134188,0.141088,0.147850,0.154465,0.160928,0.167232,0.173371,0.179338,0.185129,0.190737,0.196157,0.201384,0.206411,0.211235,0.215851,0.220253,0.224438,0.228402,0.232140,0.235649,0.238926,0.241966,0.244768,0.247329,0.249645,0.251715,0.253536,0.255108,0.256427,0.257494,0.258306,0.258863,0.259165,0.259212,0.259002,0.258537,0.257816,0.256842,0.255613,0.254133,0.252402,0.000000
0.000000,-0.239417,-0.236574,-0.233497,-0.230189,-0.226655,-0.222897,-0.218919,-0.214724,-0.210318,-0.205705,-0.200888,-0.195873,-0.190665,-0.185269,-0.179690,-0.173933,-0.168005,-0.161911,-0.155657,-0.149250,-0.142695,-0.136000,-0.129170,-0.122213,-0.115135,-0.107943,-0.100646,-0.093248,-0.085759,-0.078185,-0.070534,-0.062813,-0.055031,-0.047194,-0.039310,-0.031388,-0.023434,-0.015458,-0.007466,0.000533,0.008532,0.016522,0.024495,0.032445,0.040363,0.048241,0.056071,0.063846,0.071558,0.079199,0.086762,0.094239,0.101624,0.108908,0.116085,0.123147,0.130087,0.136900,0.143577,0.150112,0.156499,0.162732,0.168804,0.174710,0.180443,0.185998,0.191370,0.196553,0.201541,0.206331,0.210918,0.215296,0.219461,0.223410,0.227139,0.230643,0.233920,0.236966,0.239778,0.242353,0.244690,0.246784,0.248636,0.250242,0.251600,0.252711,0.253572,0.254183,0.254543,0.254652,0.254510,0.254116,0.253472,0.252578,0.251434,0.250042,0.248403,0.246519,0.000000
0.000000,-0.232876,-0.229907,-0.226711,-0.223292,-0.219652,-0.215795,-0.211725,-0.207447,-0.202963,-0.198280,-0.193400,-0.188330,-0.183074,-0.177637,-0.172025,-0.166243,-0.160297,-0.154193,-0.147937,-0.141535,-0.134993,-0.128317,-0.121516,-0.114594,-0.107559,-0.100418,-0.093178,-0.085846,-0.078429,-0.070935,-0.063371,-0.055744,-0.048063,-0.040333,-0.032565,-0.024763,-0.016938,-0.009096,-0.001244,0.006608,0.014454,0.022285,0.030095,0.037875,0.045618,0.053315,0.060960,0.068545,0.076062,0.083504,0.090864,0.098134,0.105307,0.112376,0.119334,0.126175,0.132891,0.139476,0.145923,0.152226,0.158379,0.164376,0.170211,0.175877,0.181370,0.186684,0.191814,0.196754,0.201500,0.206048,0.210392,0.214528,0.218453,0.222162,0.225652,0.228919,0.231960,0.234772,0.237353,0.239700,0.241809,0.243681,0.245311,0.246700,0.247845,0.248746,0.249401,0.249810,0.249972,0.249888,0.249557,0.248980,0.248157,0.247089,0.245778,0.244224,0.242428,0.240394,0.000000
0.000000,-0.226106,-0.223014,-0.219703,-0.216174,-0.212432,-0.208480,-0.204323,-0.199964,-0.195408,-0.190659,-0.185721,-0.180601,-0.175302,-0.169830,-0.164191,-0.158389,-0.152431,-0.146323,-0.140070,-0.133680,-0.127157,-0.120509,-0.113741,-0.106862,-0.099877,-0.092794,-0.085619,-0.078359,-0.071022,-0.063615,-0.056145,-0.048620,-0.041047,-0.033433,-0.025787,-0.018115,-0.010425,-0.002725,0.004978,0.012676,0.020362,0.028027,0.035665,0.043268,0.050828,0.058337,0.065789,0.073177,0.080492,0.087727,0.094876,0.101931,0.108886,0.115733,0.122467,0.129079,0.135564,0.141915,0.148126,0.154190,0.160103,0.165858,0.171449,0.176870,0.182118,0.187185,0.192068,0.196761,0.201260,0.205561,0.209658,0.213549,0.217229,0.220694,0.223942,0.226969,0.229771,0.232347,0.234694,0.236809,0.238690,0.240336,0.241745,0.242915,0.243845,0.244535,0.244983,0.245190,0.245154,0.244877,0.244358,0.243598,0.242597,0.241357,0.239879,0.238164,0.236214,0.234031,0.000000
0.000000,-0.219113,-0.215901,-0.212477,-0.208843,-0.205002,-0.200960,-0.196719,-0.192284,-0.187659,-0.182850,-0.177859,-0.172693,-0.167357,-0.161855,-0.156194,-0.150379,-0.144415,-0.138309,-0.132066,-0.125693,-0.119196,-0.112581,-0.105855,-0.099025,-0.092096,-0.085078,-0.077975,-0.070795,-0.063545,-0.056232,-0.048864,-0.041448,-0.033991,-0.026501,-0.018984,-0.011448,-0.003901,0.003649,0.011196,0.018732,0.026250,0.033742,0.041200,0.048618,0.055987,0.063302,0.070554,0.077736,0.084842,0.091864,0.098795,0.105628,0.112358,0.118977,0.125478,0.131855,0.138102,0.144213,0.150182,0.156002,0.161669,0.167176,0.172518,0.177689,0.182686,0.187502,0.192133,0.196574,0.200822,0.204871,0.208718,0.212359,0.215790,0.219009,0.222011,0.224794,0.227356,0.229693,0.231803,0.233685,0.235336,0.236755,0.237940,0.238890,0.239604,0.240083,0.240324,0.240328,0.240094,0.239624,0.238918,0.237975,0.236798,0.235387,0.233744,0.231870,0.229767,0.227437,0.000000
0.000000,-0.211903,-0.208575,-0.205041,-0.201305,-0.197371,-0.193241,-0.188921,-0.184414,-0.179726,-0.174860,-0.169821,-0.164615,-0.159247,-0.153721,-0.148044,-0.142220,-0.136256,-0.130158,-0.123931,-0.117582,-0.111117,-0.104542,-0.097864,-0.091089,-0.084225,-0.077277,-0.070254,-0.063160,-0.056005,-0.048794,-0.041535,-0.034235,-0.026902,-0.019541,-0.012162,-0.004770,0.002626,0.010019,0.017403,0.024770,0.032112,0.039422,0.046694,0.053919,0.061092,0.068204,0.075248,0.082219,0.089108,0.095909,0.102616,0.109221,0.115719,0.122102,0.128365,0.134501,0.140505,0.146370,0.152090,0.157660,0.163075,0.168329,0.173416,0.178333,0.183073,0.187633,0.192008,0.196193,0.200185,0.203979,0.207571,0.210959,0.214139,0.217107,0.219861,0.222398,0.224716,0.226812,0.228684,0.230330,0.231749,0.232939,0.233900,0.234629,0.235127,0.235393,0.235427,0.235228,0.234798,0.234135,0.233242,0.232118,0.230765,0.229184,0.227378,0.225347,0.223093,0.220619,0.000000
0.000000,-0.204484,-0.201043,-0.197404,-0.193569,-0.189544,-0.185332,-0.180937,-0.176363,-0.171615,-0.166698,-0.161616,-0.156375,-0.150979,-0.145435,-0.139747,-0.133921,-0.127963,-0.121879,-0.115674,-0.109355,-0.102928,-0.096400,-0.089777,-0.083065,-0.076270,-0.069401,-0.062463,-0.055464,-0.048410,-0.041308,-0.034165,-0.026989,-0.019786,-0.012563,-0.005328,0.001912,0.009150,0.016380,0.023593,0.030783,0.037942,0.045064,0.052142,0.059168,0.066136,0.073038,0.079869,0.086620,0.093286,0.099860,0.106336,0.112706,0.118966,0.125108,0.131126,0.137015,0.142769,0.148382,0.153848,0.159163,0.164320,0.169316,0.174144,0.178801,0.183281,0.187580,0.191694,0.195618,0.199350,0.202885,0.206220,0.209351,0.212276,0.214991,0.217494,0.219783,0.221854,0.223707,0.225339,0.226748,0.227934,0.228894,0.229629,0.230137,0.230418,0.230472,0.230298,0.229897,0.229269,0.228415,0.227335,0.226031,0.224504,0.222756,0.220787,0.218601,0.216199,0.213583,0.000000
0.000000,-0.196863,-0.193312,-0.189571,-0.185642,-0.181530,-0.177239,-0.172774,-0.168137,-0.163335,-0.158371,-0.153251,-0.147980,-0.142563,-0.137005,-0.131312,-0.125490,-0.119543,-0.113479,-0.107303,-0.101020,-0.094638,-0.088163,-0.081600,-0.074958,-0.068241,-0.061456,-0.054612,-0.047713,-0.040767,-0.033781,-0.026761,-0.019715,-0.012650,-0.005572,0.001511,0.008593,0.015666,0.022724,0.029759,0.036766,0.043735,0.050662,0.057539,0.064358,0.071115,0.077801,0.084410,0.090936,0.097373,0.103713,0.109951,0.116080,0.122095,0.127989,0.133757,0.139393,0.144892,0.150247,0.155454,0.160508,0.165403,0.170136,0.174700,0.179092,0.183307,0.187341,0.191190,0.194851,0.198319,0.201592,0.204665,0.207537,0.210204,0.212663,0.214913,0.216950,0.218774,0.220381,0.221771,0.222942,0.223893,0.224623,0.225132,0.225418,0.225482,0.225323,0.224942,0.224339,0.223514,0.222469,0.221205,0.219722,0.218022,0.216107,0.213979,0.211640,0.209091,0.206337,0.000000
0.000000,-0.189048,-0.185391,-0.181551,-0.177532,-0.173338,-0.168972,-0.164440,-0.159745,-0.154893,-0.149888,-0.144735,-0.139440,-0.134006,-0.128441,-0.122748,-0.116935,-0.111006,-0.104967,-0.098825,-0.092586,-0.086255,-0.079839,-0.073344,-0.066777,-0.060143,-0.053451,-0.046706,-0.039914,-0.033084,-0.026220,-0.019331,-0.012423,-0.005502,0.001424,0.008349,0.015265,0.022166,0.029046,0.035897,0.042712,0.049485,0.056209,0.062878,0.069485,0.076023,0.082487,0.088869,0.095163,0.101363,0.107463,0.113457,0.119339,0.125104,0.130745,0.136257,0.141634,0.146872,0.151964,0.156907,0.161695,0.166323,0.170787,0.175083,0.179206,0.183152,0.186917,0.190498,0.193891,0.197092,0.200099,0.202909,0.205518,0.207924,0.210125,0.212119,0.213904,0.215477,0.216838,0.217985,0.218916,0.219632,0.220131,0.220412,0.220476,0.220323,0.219952,0.219364,0.218559,0.217539,0.216304,0.214856,0.213195,0.211325,0.209245,0.206959,0.204469,0.201778,0.198887,0.000000
0.000000,-0.181047,-0.177287,-0.173352,-0.169247,-0.164974,-0.160538,-0.155944,-0.151196,-0.146299,-0.141257,-0.136077,-0.130761,-0.125317,-0.119749,-0.114063,-0.108264,-0.102359,-0.096352,-0.090251,-0.084060,-0.077786,-0.071436,-0.065015,-0.058530,-0.051987,-0.045393,-0.038754,-0.032077,-0.025368,-0.018634,-0.011882,-0.005118,0.001651,0.008419,0.015178,0.021922,0.028645,0.035339,0.041998,0.048616,0.055186,0.061701,0.068156,0.074543,0.080857,0.087091,0.093239,0.099295,0.105253,0.111107,0.116852,0.122481,0.127989,0.133371,0.138621,0.143735,0.148707,0.153532,0.158205,0.162722,0.167079,0.171271,0.175294,0.179143,0.182816,0.186309,0.189618,0.192739,0.195671,0.198409,0.200952,0.203296,0.205439,0.207380,0.209116,0.210646,0.211968,0.213081,0.213983,0.214674,0.215154,0.215421,0.215475,0.215317,0.214946,0.214363,0.213569,0.212564,0.211349,0.209925,0.208295,0.206459,0.204419,0.202177,0.199736,0.197097,0.194265,0.191240,0.000000
0.000000,-0.172867,-0.169008,-0.164982,-0.160794,-0.156447,-0.151946,-0.147294,-0.142498,-0.137560,-0.132487,-0.127283,-0.121954,-0.116504,-0.110939,-0.105265,-0.099487,-0.093611,-0.087642,-0.081587,-0.075451,-0.069241,-0.062962,-0.056622,-0.050225,-0.043779,-0.037290,-0.030764,-0.024207,-0.017627,-0.011029,-0.004421,0.002192,0.008803,0.015405,0.021992,0.028558,0.035095,0.041597,0.048058,0.054472,0.060832,0.067133,0.073367,0.079528,0.085611,0.091610,0.097518,0.103329,0.109039,0.114642,0.120131,0.125501,0.130748,0.135866,0.140849,0.145694,0.150395,0.154947,0.159347,0.163589,0.167670,0.171585,0.175331,0.178904,0.182301,0.185517,0.188551,0.191398,0.194056,0.196523,0.198796,0.200873,0.202752,0.204430,0.205907,0.207180,0.208249,0.209113,0.209770,0.210220,0.210463,0.210498,0.210325,0.209945,0.209358,0.208563,0.207564,0.206359,0.204950,0.203340,0.201528,0.199518,0.197311,0.194909,0.192315,0.189531,0.186560,0.183405,0.000000
0.000000,-0.164516,-0.160562,-0.156450,-0.152183,-0.147766,-0.143203,-0.138499,-0.133659,-0.128686,-0.123586,-0.118365,-0.113026,-0.107576,-0.102020,-0.096363,-0.090611,-0.084770,-0.078845,-0.072842,-0.066768,-0.060627,-0.054427,-0.048173,-0.041871,-0.035528,-0.029150,-0.022743,-0.016314,-0.009869,-0.003414,0.003045,0.009500,0.015946,0.022377,0.028785,0.035165,0.041510,0.047814,0.054071,0.060275,0.066419,0.072498,0.078505,0.084434,0.090280,0.096038,0.101700,0.107262,0.112718,0.118063,0.123291,0.128398,0.133378,0.138227,0.142939,0.147509,0.151935,0.156210,0.160331,0.164294,0.168095,0.171730,0.175196,0.178488,0.181605,0.184542,0.187297,0.189867,0.192250,0.194444,0.196445,0.198252,0.199864,0.201278,0.202494,0.203510,0.204326,0.204939,0.205350,0.205559,0.205565,0.205368,0.204968,0.204366,0.203562,0.202558,0.201353,0.199950,0.198349,0.196553,0.194563,0.192381,0.190009,0.187449,0.184704,0.181777,0.178671,0.175388,0.000000
0.000000,-0.156003,-0.151958,-0.147762,-0.143422,-0.138939,-0.134320,-0.129567,-0.124687,-0.119684,-0.114563,-0.109329,-0.103987,-0.098542,-0.093000,-0.087367,-0.081647,-0.075846,-0.069971,-0.064026,-0.058019,-0.051954,-0.045837,-0.039676,-0.033476,-0.027242,-0.020981,-0.014700,-0.008405,-0.002101,0.004205,0.010507,0.016799,0.023074,0.029326,0.035549,0.041737,0.047884,0.053984,0.060031,0.066018,0.071940,0.077791,0.083565,0.089257,0.094861,0.100371,0.105782,0.111089,0.116286,0.121368,0.126330,0.131168,0.135877,0.140451,0.144886,0.149179,0.153325,0.157319,0.161158,0.164838,0.168355,0.171706,0.174887,0.177896,0.180730,0.183385,0.185859,0.188150,0.190255,0.192172,0.193899,0.195436,0.196779,0.197928,0.198882,0.199640,0.200200,0.200563,0.200728,0.200695,0.200464,0.200035,0.199409,0.198585,0.197566,0.196352,0.194944,0.193344,0.191553,0.189573,0.187406,0.185053,0.182519,0.179804,0.176911,0.173844,0.170606,0.167199,0.000000
0.000000,-0.147336,-0.143203,-0.138929,-0.134519,-0.129975,-0.125303,-0.120508,-0.115593,-0.110565,-0.105427,-0.100186,-0.094845,-0.089411,-0.083889,-0.078283,-0.072601,-0.066847,-0.061027,-0.055147,-0.049212,-0.043229,-0.037203,-0.031140,-0.025047,-0.018929,-0.012792,-0.006643,-0.000487,0.005669,0.011820,0.017959,0.024081,0.030178,0.036246,0.042278,0.048269,0.054212,0.060101,0.065931,0.071696,0.077390,0.083007,0.088543,0.093992,0.099347,0.104605,0.109759,0.114805,0.119738,0.124553,0.129245,0.133809,0.138241,0.142536,0.146691,0.150702,0.154563,0.158272,0.161825,0.165218,0.168448,0.171512,0.174406,0.177129,0.179676,0.182047,0.184237,0.186246,0.188071,0.189711,0.191163,0.192426,0.193500,0.194383,0.195073,0.195572,0.195877,0.195989,0.195908,0.195633,0.195165,0.194505,0.193652,0.192609,0.191375,0.189953,0.188343,0.186547,0.184567,0.182405,0.180063,0.177543,0.174849,0.171981,0.168944,0.165740,0.162372,0.158845,0.000000
0.000000,-0.138523,-0.134307,-0.129959,-0.125483,-0.120883,-0.116163,-0.111329,-0.106385,-0.101336,-0.096187,-0.090943,-0.085610,-0.080191,-0.074694,-0.069123,-0.063484,-0.057782,-0.052023,-0.046213,-0.040357,-0.034461,-0.028532,-0.022574,-0.016594,-0.010597,-0.004590,0.001421,0.007431,0.013434,0.019423,0.025394,0.031339,0.037253,0.043131,0.048966,0.054753,0.060485,0.066158,0.071766,0.077303,0.082763,0.088142,0.093434,0.098634,0.103736,0.108736,0.113629,0.118409,0.123073,0.127615,0.132031,0.136317,0.140469,0.144481,0.148352,0.152076,0.155649,0.159069,0.162333,0.165436,0.168375,0.171149,0.173753,0.176186,0.178446,0.180529,0.182434,0.184159,0.185702,0.187062,0.188237,0.189227,0.190030,0.190645,0.191072,0.191311,0.191361,0.191222,0.190894,0.190378,0.189674,0.188782,0.187705,0.186442,0.184995,0.183366,0.181556,0.179566,0.177399,0.175058,0.172543,0.169858,0.167006,0.163989,0.160810,0.157472,0.153979,0.150333,0.000000
0.000000,-0.129574,-0.125279,-0.120861,-0.116324,-0.111671,-0.106909,-0.102041,-0.097072,-0.092008,-0.086852,-0.081611,-0.076290,-0.070893,-0.065426,-0.059895,-0.054304,-0.048660,-0.042968,-0.037234,-0.031462,-0.025660,-0.019832,-0.013985,-0.008124,-0.002255,0.003616,0.009484,0.015342,0.021185,0.027007,0.032803,0.038566,0.044291,0.049973,0.055605,0.061182,0.066699,0.072150,0.077530,0.082834,0.088055,0.093190,0.098233,0.103178,0.108022,0.112760,0.117386,0.121896,0.126286,0.130551,0.134688,0.138691,0.142558,0.146284,0.149866,0.153299,0.156582,0.159710,0.162680,0.165490,0.168136,0.170617,0.172929,0.175070,0.177039,0.178833,0.180450,0.181890,0.183150,0.184229,0.185126,0.185841,0.186372,0.186719,0.186882,0.186861,0.186655,0.186265,0.185691,0.184934,0.183995,0.182874,0.181572,0.180091,0.178433,0.176598,0.174589,0.172408,0.170057,0.167537,0.164853,0.162006,0.158998,0.155834,0.152517,0.149048,0.145433,0.141674,0.000000
0.000000,-0.120497,-0.116127,-0.111643,-0.107049,-0.102349,-0.097549,-0.092652,-0.087663,-0.082588,-0.077432,-0.072199,-0.066894,-0.061524,-0.056093,-0.050607,-0.045071,-0.039490,-0.033870,-0.028217,-0.022536,-0.016833,-0.011113,-0.005383,0.000353,0.006089,0.011819,0.017537,0.023238,0.028916,0.034565,0.040180,0.045755,0.051286,0.056766,0.062189,0.067552,0.072847,0.078071,0.083218,0.088283,0.093260,0.098146,0.102934,0.107621,0.112202,0.116672,0.121027,0.125262,0.129374,0.133359,0.137211,0.140928,0.144506,0.147942,0.151231,0.154372,0.157360,0.160192,0.162867,0.165381,0.167731,0.169916,0.171934,0.173781,0.175457,0.176960,0.178289,0.179441,0.180417,0.181214,0.181832,0.182271,0.182531,0.182610,0.182508,0.182227,0.181766,0.181125,0.180306,0.179309,0.178135,0.176785,0.175260,0.173563,0.171694,0.169656,0.167450,0.165080,0.162546,0.159852,0.157000,0.153993,0.150834,0.147526,0.144073,0.140478,0.136744,0.132875,0.000000
0.000000,-0.111301,-0.106861,-0.102316,-0.097669,-0.092927,-0.088092,-0.083171,-0.078168,-0.073087,-0.067934,-0.062715,-0.057433,-0.052095,-0.046705,-0.041269,-0.035793,-0.030281,-0.024739,-0.019173,-0.013588,-0.007990,-0.002383,0.003225,0.008831,0.014428,0.020010,0.025573,0.031110,0.036617,0.042088,0.047517,0.052900,0.058230,0.063502,0.068712,0.073854,0.078924,0.083915,0.088824,0.093644,0.098373,0.103004,0.107534,0.111958,0.116271,0.120469,0.124549,0.128505,0.132335,0.136034,0.139599,0.143026,0.146312,0.149454,0.152448,0.155292,0.157982,0.160517,0.162893,0.165108,0.167161,0.169048,0.170769,0.172321,0.173703,0.174913,0.175951,0.176816,0.177505,0.178020,0.178359,0.178522,0.178509,0.178319,0.177954,0.177413,0.176697,0.175807,0.174743,0.173506,0.172099,0.170521,0.168775,0.166863,0.164786,0.162546,0.160146,0.157588,0.154875,0.152008,0.148992,0.145828,0.142521,0.139073,0.135488,0.131769,0.127920,0.123944,0.000000
0.000000,-0.101995,-0.097489,-0.092887,-0.088193,-0.083412,-0.078549,-0.073608,-0.068595,-0.063514,-0.058370,-0.053169,-0.047915,-0.042614,-0.037271,-0.031891,-0.026480,-0.021042,-0.015584,-0.010110,-0.004627,0.000861,0.006349,0.011830,0.017299,0.022752,0.028182,0.033584,0.038952,0.044283,0.049570,0.054808,0.059991,0.065116,0.070176,0.075167,0.080084,0.084922,0.089676,0.094342,0.098914,0.103389,0.107762,0.112028,0.116184,0.120225,0.124148,0.127948,0.131621,0.135165,0.138576,0.141850,0.144983,0.147974,0.150819,0.153514,0.156059,0.158449,0.160683,0.162758,0.164673,0.166425,0.168013,0.169435,0.170690,0.171777,0.172694,0.173440,0.174015,0.174419,0.174651,0.174710,0.174597,0.174311,0.173853,0.173224,0.172424,0.171454,0.170314,0.169007,0.167532,0.165893,0.164089,0.162124,0.159999,0.157715,0.155276,0.152684,0.149942,0.147051,0.144015,0.140837,0.137520,0.134067,0.130482,0.126768,0.122929,0.118969,0.114891,0.000000
0.000000,-0.092588,-0.088021,-0.083366,-0.078630,-0.073815,-0.068928,-0.063973,-0.058955,-0.053878,-0.048749,-0.043571,-0.038350,-0.033091,-0.027800,-0.022481,-0.017140,-0.011783,-0.006413,-0.001037,0.004339,0.009712,0.015075,0.020423,0.025751,0.031053,0.036325,0.041561,0.046756,0.051905,0.057003,0.062044,0.067024,0.071938,0.076781,0.081548,0.086235,0.090837,0.095349,0.099766,0.104086,0.108303,0.112412,0.116411,0.120295,0.124061,0.127703,0.131220,0.134608,0.137862,0.140981,0.143960,0.146797,0.149489,0.152034,0.154429,0.156672,0.158759,0.160690,0.162463,0.164075,0.165525,0.166812,0.167935,0.168891,0.169681,0.170303,0.170758,0.171044,0.171161,0.171109,0.170888,0.170499,0.169941,0.169216,0.168323,0.167265,0.166041,0.164654,0.163104,0.161393,0.159523,0.157496,0.155313,0.152976,0.150489,0.147853,0.145072,0.142147,0.139082,0.135879,0.132543,0.129076,0.125481,0.121762,0.117924,0.113969,0.109901,0.105725,0.000000
0.000000,-0.083091,-0.078466,-0.073764,-0.068989,-0.064146,-0.059239,-0.054275,-0.049256,-0.044189,-0.039079,-0.033930,-0.028747,-0.023536,-0.018302,-0.013049,-0.007784,-0.002511,0.002764,0.008037,0.013301,0.018553,0.023786,0.028996,0.034177,0.039324,0.044433,0.049498,0.054514,0.059476,0.064379,0.069219,0.073991,0.078689,0.083310,0.087849,0.092301,0.096661,0.100927,0.105093,0.109155,0.113110,0.116952,0.120680,0.124288,0.127774,0.131133,0.134363,0.137461,0.140423,0.143246,0.145928,0.148466,0.150857,0.153100,0.155191,0.157130,0.158913,0.160539,0.162007,0.163315,0.164462,0.165447,0.166268,0.166925,0.167418,0.167745,0.167907,0.167903,0.167733,0.167398,0.166898,0.166233,0.165403,0.164411,0.163256,0.161941,0.160465,0.158831,0.157040,0.155095,0.152996,0.150746,0.148348,0.145803,0.143114,0.140284,0.137316,0.134212,0.130975,0.127610,0.124118,0.120504,0.116771,0.112923,0.108963,0.104896,0.100725,0.096455,0.000000
0.000000,-0.073511,-0.068833,-0.064088,-0.059280,-0.054413,-0.049492,-0.044523,-0.039509,-0.034457,-0.029370,-0.024255,-0.019115,-0.013957,-0.008785,-0.003605,0.001580,0.006762,0.011938,0.017103,0.022250,0.027375,0.032474,0.037540,0.042569,0.047556,0.052497,0.057385,0.062217,0.066988,0.071692,0.076326,0.080884,0.085362,0.089757,0.094062,0.098275,0.102391,0.106406,0.110316,0.114117,0.117805,0.121377,0.124829,0.128158,0.131361,0.134434,0.137374,0.140179,0.142845,0.145370,0.147752,0.149988,0.152077,0.154015,0.155801,0.157433,0.158910,0.160230,0.161392,0.162394,0.163237,0.163918,0.164438,0.164795,0.164990,0.165021,0.164890,0.164597,0.164140,0.163522,0.162743,0.161802,0.160703,0.159444,0.158028,0.156457,0.154730,0.152852,0.150822,0.148643,0.146318,0.143848,0.141237,0.138486,0.135598,0.132577,0.129424,0.126144,0.122740,0.119214,0.115571,0.111813,0.107946,0.103971,0.099895,0.095719,0.091449,0.087089,0.000000
0.000000,-0.063858,-0.059133,-0.054349,-0.049512,-0.044626,-0.039696,-0.034727,-0.029723,-0.024690,-0.019633,-0.014556,-0.009465,-0.004365,0.000740,0.005844,0.010942,0.016029,0.021101,0.026152,0.031177,0.036171,0.041129,0.046047,0.050920,0.055742,0.060509,0.065216,0.069859,0.074434,0.078934,0.083357,0.087698,0.091952,0.096115,0.100183,0.104153,0.108019,0.111780,0.115429,0.118965,0.122384,0.125682,0.128855,0.131902,0.134818,0.137601,0.140249,0.142758,0.145126,0.147351,0.149431,0.151363,0.153146,0.154777,0.156256,0.157581,0.158750,0.159762,0.160617,0.161313,0.161850,0.162228,0.162445,0.162502,0.162399,0.162135,0.161711,0.161128,0.160386,0.159485,0.158427,0.157213,0.155843,0.154320,0.152644,0.150818,0.148843,0.146721,0.144454,0.142045,0.139496,0.136808,0.133986,0.131032,0.127948,0.124738,0.121405,0.117952,0.114383,0.110701,0.106909,0.103013,0.099014,0.094918,0.090728,0.086448,0.082083,0.077637,0.000000
0.000000,-0.054143,-0.049374,-0.044557,-0.039696,-0.034795,-0.029861,-0.024896,-0.019908,-0.014899,-0.009876,-0.004843,0.000195,0.005232,0.010264,0.015287,0.020294,0.025281,0.030243,0.035175,0.040073,0.044931,0.049744,0.054509,0.059220,0.063872,0.068461,0.072983,0.077433,0.081806,0.086099,0.090306,0.094425,0.098450,0.102378,0.106205,0.109928,0.113541,0.117043,0.120429,0.123697,0.126842,0.129862,0.132754,0.135515,0.138142,0.140633,0.142985,0.145196,0.147264,0.149187,0.150962,0.152588,0.154063,0.155387,0.156557,0.157573,0.158433,0.159137,0.159684,0.160073,0.160304,0.160377,0.160292,0.160049,0.159647,0.159088,0.158372,0.157500,0.156472,0.155290,0.153955,0.152468,0.150830,0.149043,0.147110,0.145031,0.142809,0.140446,0.137944,0.135307,0.132536,0.129634,0.126604,0.123449,0.120172,0.116777,0.113266,0.109644,0.105913,0.102078,0.098143,0.094110,0.089984,0.085770,0.081471,0.077092,0.072636,0.068109,0.000000
0.000000,-0.044374,-0.039567,-0.034721,-0.029840,-0.024930,-0.019996,-0.015042,-0.010073,-0.005093,-0.000109,0.004875,0.009854,0.014824,0.019779,0.024714,0.029625,0.034507,0.039355,0.044164,0.048929,0.053646,0.058310,0.062917,0.067461,0.071939,0.076346,0.080678,0.084930,0.089098,0.093178,0.097166,0.101059,0.104851,0.108540,0.112122,0.115594,0.118951,0.122191,0.125310,0.128306,0.131175,0.133915,0.136522,0.138995,0.141330,0.143526,0.145581,0.147492,0.149257,0.150875,0.152344,0.153662,0.154829,0.155844,0.156704,0.157410,0.157960,0.158355,0.158593,0.158675,0.158600,0.158368,0.157981,0.157437,0.156738,0.155885,0.154877,0.153717,0.152405,0.150942,0.149331,0.147572,0.145668,0.143620,0.141430,0.139100,0.136634,0.134032,0.131298,0.128435,0.125445,0.122331,0.119096,0.115744,0.112277,0.108700,0.105016,0.101227,0.097339,0.093355,0.089279,0.085115,0.080866,0.076538,0.072134,0.067659,0.063118,0.058514,0.000000
0.000000,-0.034561,-0.029720,-0.024850,-0.019955,-0.015041,-0.010111,-0.005172,-0.000227,0.004717,0.009657,0.014588,0.019504,0.024401,0.029273,0.034117,0.038927,0.043699,0.048428,0.053109,0.057737,0.062309,0.066819,0.071263,0.075636,0.079935,0.084156,0.088293,0.092343,0.096302,0.100165,0.103930,0.107593,0.111149,0.114596,0.117929,0.121146,0.124244,0.127219,0.130068,0.132789,0.135379,0.137835,0.140155,0.142337,0.144379,0.146278,0.148033,0.149641,0.151102,0.152414,0.153575,0.154585,0.155442,0.156146,0.156696,0.157091,0.157331,0.157416,0.157345,0.157120,0.156739,0.156203,0.155514,0.154670,0.153675,0.152527,0.151229,0.149782,0.148187,0.146445,0.144560,0.142531,0.140362,0.138054,0.135610,0.133033,0.130324,0.127486,0.124522,0.121436,0.118230,0.114907,0.111471,0.107925,0.104272,0.100516,0.096661,0.092711,0.088669,0.084540,0.080327,0.076035,0.071668,0.067230,0.062726,0.058160,0.053537,0.048861,0.000000
0.000000,-0.024714,-0.019844,-0.014955,-0.010050,-0.005136,-0.000217,0.004703,0.009618,0.014523,0.019414,0.024286,0.029134,0.033953,0.038739,0.043487,0.048191,0.052848,0.057453,0.062001,0.066488,0.070910,0.075261,0.079538,0.083737,0.087853,0.091882,0.095821,0.099665,0.103410,0.107054,0.110592,0.114021,0.117337,0.120538,0.123619,0.126579,0.129413,0.132120,0.134697,0.137141,0.139449,0.141619,0.143650,0.145539,0.147285,0.148885,0.150338,0.151643,0.152798,0.153803,0.154655,0.155355,0.155902,0.156295,0.156533,0.156618,0.156547,0.156322,0.155943,0.155410,0.154723,0.153884,0.152893,0.151751,0.150459,0.149019,0.147432,0.145699,0.143823,0.141804,0.139646,0.137349,0.134918,0.132353,0.129657,0.126834,0.123885,0.120814,0.117624,0.114318,0.110899,0.107370,0.103736,0.099999,0.096163,0.092233,0.088211,0.084103,0.079911,0.075641,0.071296,0.066881,0.062399,0.057856,0.053256,0.048604,0.043903,0.039159,0.000000
0.000000,-0.014843,-0.009949,-0.005045,-0.000136,0.004773,0.009678,0.014573,0.019453,0.024315,0.029152,0.033961,0.038736,0.043473,0.048167,0.052813,0.057408,0.061945,0.066422,0.070833,0.075174,0.079441,0.083629,0.087735,0.091755,0.095683,0.099518,0.103254,0.106888,0.110417,0.113837,0.117144,0.120336,0.123409,0.126361,0.129187,0.131887,0.134456,0.136892,0.139193,0.141357,0.143381,0.145264,0.147004,0.148598,0.150046,0.151345,0.152496,0.153495,0.154344,0.155040,0.155583,0.155972,0.156208,0.156289,0.156216,0.155989,0.155608,0.155074,0.154386,0.153546,0.152555,0.151413,0.150121,0.148682,0.147096,0.145364,0.143489,0.141473,0.139316,0.137023,0.134594,0.132032,0.129340,0.126520,0.123576,0.120509,0.117324,0.114023,0.110609,0.107086,0.103458,0.099727,0.095898,0.091974,0.087960,0.083859,0.079675,0.075412,0.071075,0.066668,0.062195,0.057660,0.053069,0.048425,0.043734,0.038999,0.034226,0.029419,0.000000
0.000000,0.000000,0.000000,0.000000,0.000000,0.000000,0.000000,0.000000,0.000000,0.000000,0.000000,0.000000,0.000000,0.000000,0.000000,0.000000,0.000000,0.000000,0.000000,0.000000,0.000000,0.000000,0.000000,0.000000,0.000000,0.000000,0.000000,0.000000,0.000000,0.000000,0.000000,0.000000,0.000000,0.000000,0.000000,0.000000,0.000000,0.000000,0.000000,0.000000,0.000000,0.000000,0.000000,0.000000,0.000000,0.000000,0.000000,0.000000,0.000000,0.000000,0.000000,0.000000,0.000000,0.000000,0.000000,0.000000,0.000000,0.000000,0.000000,0.000000,0.000000,0.000000,0.000000,0.000000,0.000000,0.000000,0.000000,0.000000,0.000000,0.000000,0.000000,0.000000,0.000000,0.000000,0.000000,0.000000,0.000000,0.000000,0.000000,0.000000,0.000000,0.000000,0.000000,0.000000,0.000000,0.000000,0.000000,0.000000,0.000000,0.000000,0.000000,0.000000,0.000000,0.000000,0.000000,0.000000,0.000000,0.000000,0.000000,0.000000
